ID_AU,Autores
1,AbdulH.S
2,AbreuE.M.C
3,Abu-AkelA.M
4,Abu-EkteishF.M
5,AbuLaimun
6,AbulY
7,Acar
8,AcciarinoA
9,AcquavivaG
10,AcsZ.J
11,AdcockE.W
12,AdebergP
13,AdenzatoM
14,AdewaleAlolaA
15,AdhikariB.M
16,AdlerA
17,AgblevorF.A
18,AggarwalP.K
19,AghalooK
20,AgliotiS.
21,Agrawal
22,AgullóI
23,AhluwaliaA.S
24,AhnJ.W
25,Aichhorn
26,AichhornM
27,AkawiL
28,AlHathalM.M
29,AlHathlolK
30,AlTawilK
31,AlamM.S
32,AlamroS.M
33,AlberiniC.M
34,AldakhilA.M
35,AldinucciD
36,AldrinkJ.H
37,AldyJ.
38,AldyJ.E
39,AlekseevA
40,Aleman
41,AlexanderE.
42,AlexandridiM
43,AlexandrouA.M
44,Ali
45,AliT
46,Alifano
47,AlifanoM
48,AllartA
49,AllenN
50,AllenN.B
51,AllenS.J
52,AlmerigognaF
53,Alonso-SerranoA
54,AmblardB
55,AmbrosiaM
56,AmeliR
57,Amelino-CameliaG
58,AmengualJ.L
59,AmjadiK
60,AnacletoM.A
61,AnagnostouE
62,AnaniasNeto
63,AnaniasNetoJ
64,AndersL
65,AndersonR
66,Andrews-SpeedP
67,AndrianisainaP.S.-K
68,AndrietG
69,AngJ.B
70,AnituaE
71,Ansari
72,AnspachL
73,AokiY.Y
74,ApergisN
75,ApperlyI.A
76,AprilM.D
77,ArabW.A
78,ArjomandM
79,ArnoldA.
80,ArribasJ.J
81,Arshad
82,ArteagaA.A
83,Artese
84,ArtigesE
85,ArzanoM
86,Arzy
87,ArzyS
88,AsanoD
89,AshtekarA
90,AshwinC
91,AshworthM.
92,Aspuru-Guzik
93,AsseretoM
94,AstafievS.V
95,Astoul
96,AthanasA.K
97,Avena-KoenigsbergerA
98,AvilaG
99,AwadH.A
100,AyabeN
101,AyodeleA.S
102,AzamRoomiM
103,AzimiN.
104,BAUMANNM.H
105,BIENENSTOCKJ
106,BORAS
107,BabakiFardF
108,Babbitt
109,BabbittC.W
110,BachmanJ.E
111,BadoudD
112,BaeE
113,Baetens
114,BaezJ
115,BajracharyaS
116,BalaguerJ
117,BalasubramanianV
118,BallC.G
119,BallS
120,Baltabaev
121,BanerjeeR
122,BanerjeeS
123,BaniD
124,BanissyM.J
125,BannwarthB
126,BaraB.G
127,BarberoG
128,BarbozaE.
129,Barbur
130,BaredarP.V
131,BarelliL
132,BarkhordariS
133,Baron-Cohen
134,BarootchiS
135,BarrientosV
136,BartlettR.
137,BartonE.
138,BartonE.D
139,BarvinskyA.O
140,Basu
141,BatesB
142,BauerM
143,BaumS.H
144,BaumannL
145,BaumannM
146,BaumgartnerF
147,BayfordR
148,BazanJ.
149,BazinY
150,Bañados
151,BañadosM
152,BeauchampM.S
153,Beaumont‐Kerridge
154,BednyM
155,BeersM.F
156,BegoñaL
157,BegumS
158,BekensteinJ.
159,BekensteinJ.D
160,BekunF.
161,Belegri-RoboliA
162,BelinA
163,BellettiA
164,BelmonteM.K
165,Ben-AriehY
166,BenAbdallah
167,BenaI
168,BengtssonI
169,BeniniF
170,BenseL
171,Bensebaa
172,BenzC.C
173,BergerP
174,BergonzoniE
175,BergströmM
176,BerkowitzA.L
177,Bermpohl
178,Bernard
179,BernardF
180,BernardF.A
181,Berona
182,Bertola
183,BertranE
184,BessodesM
185,BhaduriR.
186,Bhagwat
187,BhatM
188,BhattM.
189,BhattM.A
190,BhayaniS.B
191,BhoiA.K
192,Bianchi
193,BibbyA
194,BifflW.L
195,Big
196,BikleP.C
197,BilalićM
198,BintcliffeO.J
199,Bird
200,Birdwell
201,BirminghamD
202,BiscardiA
203,BitschF
204,BlackbourneL.
205,BlackmoreC
206,BlagojevićM
207,Blair-WestL.F
208,BlairA.J
209,BlairK
210,Blanke
211,BlankeO
212,BlasiA
213,BoaronM
214,BobbioA
215,Bodendorfer
216,BodnarR.
217,BodnerT
218,BodóE
219,BoerJ.deJejjalaV
220,BoginB
221,BollingD.Z
222,Bolognini
223,BombelliL
224,BonfantiB
225,BonillaA
226,BoniniN
227,BonnefoyQ
228,Bonner
229,BonoraL
230,BoothV
231,BorensteinS
232,BorjaE.F
233,Boroojerdi
234,BosE.M
235,Bosco
236,BoseS
237,Bosetti
238,BostanciK
239,BouazizN
240,Boulanger-BertolusJ
241,BoussoR
242,BouteA
243,BowersR.M
244,BowmanL.C
245,BoydR.L
246,BoyleR.
247,BraithwaiteT
248,BrannlundJ
249,Brass
250,BrassM
251,BraunD
252,BreckenridgeJ.C
253,BreenJ
254,Brennan-Tonetta
255,BrewerN
256,BrisceseF
257,BritoF.A
258,BrownD.F.M
259,BrownJ.
260,BrownR
261,BruhinA
262,Brunelin
263,Brunet-GouetE
264,BrunoM
265,BrunswickN
266,BrusteinR
267,BuchsbaumD
268,BuelteD
269,BulajichB
270,BulgarelliC
271,BullmoreE.T
272,BulowP
273,Burgherr
274,Burianová
275,BurnandK.G
276,BuschmannC
277,BussfeldP
278,BustamanteM.L
279,Buzogány
280,ByersB.A
281,Byrne
282,BzdokD
283,Bérubé
284,BíróT
285,BöckerW
286,CASTELLANOSF.
287,CHENH
288,CHENS
289,CHIUH
290,CHUNGC
291,COOPERA.C
292,CaballeroR.J
293,Cabo-BizetA
294,CaceresE
295,Cachia
296,CadoniM
297,CaeyenberghsK
298,CaiH
299,CaiR.-G
300,Calcagni
301,Caldeira
302,CalhounV.D
303,CallaghanE
304,CallanC
305,CaltagironeC
306,CalviM.R
307,Camacho-HübnerC
308,CameloM
309,CamererC.F
310,CamilleriL
311,CampionM
312,CamposB.M
313,CamprodonJ.A
314,Candiani
315,CandidiM
316,Cantavella-Jordá
317,CanyurtH
318,CaoH
319,CaoJ
320,CardosoG.L
321,CarleyS
322,Carlip
323,CarlipS
324,CarlsonE.R
325,CarmodyD.P
326,CarnesD.L
327,CarnevaleD
328,CarpenterA
329,CarrigC.B
330,CarroE
331,CarrollS.M
332,CashaA.R
333,CaspersS
334,CassaniD
335,CassidyB.S
336,CastroA
337,CastroM.N
338,Cathomas
339,CatmurC
340,CavannaA.E
341,CazzatoV
342,Cazzavillan
343,Celikel
344,CerfolioR.
345,CerfolioR.J
346,ChaeG.-S.
347,ChakrabartiB
348,ChakrabortyS
349,ChakrobortyD
350,ChalhoubM.
351,ChalkS.G
352,ChambroneL
353,ChaminadeT
354,ChanK.M.
355,ChandanG.
356,ChandrasekaranV
357,Chang
358,ChangC.-F
359,ChangE.
360,ChangH
361,ChangJ
362,ChangS
363,ChangS.-C
364,ChappleI.L.
365,CharlesA.M
366,ChatterjeeA
367,Chaturvedi
368,ChechlaczM
369,Chegini
370,Chekairi
371,Chen
372,ChenD.
373,ChenF.-M
374,ChenH
375,ChenJ
376,ChenJ.-C
377,ChenJ.-H
378,ChenL
379,ChenS
380,ChenY.
381,CheneryH.B
382,ChengE
383,ChengG
384,ChengY
385,ChengY.-L
386,ChengZ
387,CheonB.K
388,CherianS.
389,CherkasskyV.L
390,ChhabraA
391,ChiangI.E
392,ChiaoJ.
393,ChienH.-Y
394,ChikaraR.K
395,ChildsJ
396,ChilstromM.L
397,ChinE.J
398,ChiuY.-R
399,ChngW.A
400,ChoM.-I
401,ChoiC.H
402,ChoiH
403,ChoiJ
404,ChoiS
405,ChoiS.Y
406,ChoiT.K
407,ChonK.S
408,ChongC.H
409,ChongW.H
410,Chopra
411,ChouC.
412,ChouY
413,ChoudharyA.K
414,Choukas-BradleyS
415,ChowT.P
416,ChowdhuryS.
417,ChristopeitM
418,ChuJ
419,ChuY
420,Chun-RuiM
421,ChungK.W
422,ChungT.-S
423,CiambelliL
424,CiaramidaroA
425,CieslikE.C
426,CifelliG
427,CilleyR.E
428,CiriacoP
429,ClarkH
430,ClaydonE
431,ClementA
432,CocciaC.B.I
433,CochranD.
434,CochraneJ.
435,CohenA
436,CohenG
437,CokerR.J
438,CollM.-P
439,CollinsM
440,ColpanC.O
441,ColtH.G
442,ColzatoL.
443,CommitteriG
444,Compagnone
445,ConrozierT
446,Conson
447,ContiV.R
448,ConventoS
449,CookeS
450,CooperP
451,CoppolaG
452,Corbetta
453,CorgnetB
454,Corichi
455,CorichiA
456,CorneoG
457,CorreaF
458,CostaE.L.
459,CostaM.S
460,CostantiniM
461,CostanzoE.Y
462,CostelloB
463,CotterillA.M
464,CoulstonC.M
465,CowlC.T
466,CozzolinoF
467,CrinerG.
468,CroesR.
469,Crosas-MolistE
470,CrossM
471,CruchleyA
472,CushmanF
473,CvetičM
474,Cvetković
475,CvitanM
476,CvitkovicE
477,CzifraG
478,CzinnerV.
479,DaFonsecaD
480,Dabholkar
481,DabholkarA
482,DafotakisM
483,DaienV
484,DaimT
485,DaltrozzoJ
486,DambeckN
487,DarbyI.B
488,DasP
489,DasS
490,DasguptaP.S
491,DaskalakisZ.J
492,DavidN
493,DavidssonP
494,DaviesP.C.W
495,DavisJ.L
496,DavisK.
497,DavisL.
498,DavisM.H
499,DavisT.M
500,Dawbarn
501,DayanP.S
502,DeBenedictis
503,DeBoschB.J
504,DeLaquilP
505,DeRidderD
506,DeSantisR
507,DeSantisSantiagoR.R
508,DeSchepperE
509,DeStefanoF
510,DearT.E
511,DebS
512,DebbanéM
513,DebenerS
514,DebrabantJ
515,Decety
516,DecetyJ
517,DekeukeleireT
518,DelinaL.
519,DelleMonacheS
520,Denef
521,DenefF
522,DengJ
523,DengL
524,DenolletJ
525,DensmoreM
526,DensonS.E
527,DerringtonE
528,Deruelle
529,Deschamps
530,DevaneyK.J
531,Dey
532,Dhamala
533,DiSaverioS
534,DickersonB.
535,DiezmartínezC.
536,DijamcoD
537,DijkgraafR
538,DikengilF
539,DincerI
540,DingY
541,DingZ
542,DoY
543,DoY.W
544,Dodell-FederD
545,Doelken
546,DoglioliP
547,DohanEhrenfestD.M
548,Dolhem
549,DomagalaM
550,DombertP.L
551,DominguezCastilloE
552,DonaldsonP.H
553,DongD
554,DongL
555,DonnS
556,DonnayL
557,DonnellyL.F
558,DonnellyW
559,DonnemillerE
560,DorY
561,DorflingerJ.M
562,DorrellM.I
563,Dou
564,DowdA.-M
565,Dreher
566,DresselhausM.S
567,DrexlerH
568,Dreyer
569,DrijkoningenG
570,Dritsakis
571,DrucaroffL.J
572,DrumeaK
573,DrummondD.C
574,DuD
575,DuY
576,DuanJ
577,DudekK
578,DuffM.
579,Duic
580,DuizerM
581,Duić
582,DunbarR.I.
583,DunnW.F
584,DupontP
585,DurieuxJ
586,DutkoR.A
587,DykesM
588,DzaficI
589,DziobekI
590,DÃ­azO.G
591,Díaz-PoloJ
592,DöhnelK
593,DąbrowskiM.P
594,D’HaeseJ
595,D’OstilioK
596,Echevarria
597,EckstrandK
598,EckstrandK.L
599,EddyC.
600,EddyC.M
601,EdeyA
602,EdmondsJ
603,EdwardsD.B
604,EgethH.E
605,EggertS
606,EgliF
607,EichstaedtR.M
608,EickhoffS.
609,EickhoffS.B
610,EilbottJ.A
611,EinhornM.B
612,EkanayakeV
613,EklundG
614,El-MenoufiB.
615,ElDahabE.
616,ElhakimT.S
617,EliaC.P
618,EliezS
619,Elizalde
620,Ellis
621,EllisG.F.R
622,EllisJ.I
623,EllsmereJ
624,EmamiK
625,Emparan
626,EngleJ
627,EnriciI
628,EnticottP.
629,Epaud
630,EpsteinS.A
631,ErbaughJ.T
632,ErdalG
633,ErdalH
634,ErickcekG.A
635,ErinjeriJ.
636,ErkS
637,EryukselE
638,Esengün
639,EsseWilsonJ
640,Estrada-Y-MartinR.M
641,EstrinS
642,EunJ
643,EversE.A.T
644,EvmanS
645,EzanM.A.
646,Fabregat
647,FalkE.B
648,FalkP
649,FalkaiP
650,FalkenbergI
651,FalkevallA
652,FallsK
653,Fan
654,FanaliS
655,Fang
656,FanuelL
657,FarisP.D
658,FaskowitzJ
659,FatibeneL
660,FattahiM
661,FavorettoD.B
662,FayissaB
663,FeczkoE
664,FeenstraR.C
665,Fehr
666,FehrM
667,FeldmanD.S
668,FeldmanM.B
669,FeldmanR
670,Feller-KopmanD
671,Felson
672,FennessyJ.
673,Fernandez-VegaCuetoL
674,FernandoJ
675,FernÃ¡ndez-MontequÃ­nJ.I
676,Fernández-Borja
677,FerrarisM
678,FerreiraJ.C
679,FeurraM
680,FilhoJ.R.B.deO
681,FinkG.R
682,FioriF
683,FitzgeraldP.B
684,FitzgibbonB.
685,FletcherP.
686,FlissB
687,FloresL
688,FontA.R
689,Foocharoen
690,Forbes
691,ForbesE.
692,FordC.
693,Forshaw
694,FortiParriS.N
695,FougnieD
696,FoxP.T
697,FrackowiakR.S.
698,FrancavigliaM
699,FredrikssonP.G
700,Frerichs
701,Friedlander
702,FriedlanderS.F
703,FrithC.
704,FrithU
705,FroddenE
706,FrolovV.
707,FrolovV.P
708,FroudarakisM
709,Fu-Jun
710,FujinoJ
711,FunahashiA
712,FurrerM
713,FursaevD.
714,FursaevD.V
715,GLEESONT.D
716,GabrieliJ.D.E
717,GainzaG
718,GaiottoD
719,Gajich
720,GalatiG
721,GaliabovitchE
722,GallagherH.
723,GalleaC
724,GallucciA
725,GalánP
726,GandhiS
727,GanesanK
728,GangloffC
729,GaoX
730,Garattini
731,García-Martínez
732,GarfinkleD
733,GargiuloM
734,Garraux
735,GattR
736,GauS.S.-F
737,Gaudeau-BosmaC
738,GaudianiJ.L
739,Gaustad
740,GaustadG
741,GauthierH.
742,GeQ
743,GeillerM
744,GencoR.
745,GendrinV
746,GengJ.J
747,GeorgeD.A.R
748,GeorgeffK.
749,GeraciT.C
750,GeringswaldF
751,GermanV.F
752,GeurtsP
753,GhanaatiS
754,GharagozlooF
755,GheysenF
756,Ghosh
757,GhoshA
758,GiacominiA
759,GiannobileW.
760,GiannobileW.V
761,GiardinaA
762,GibbonsG.W
763,GiddingsS.B
764,GilbertT.B
765,GildayC
766,GillichI
767,GilliesM.
768,GimbleJ.M
769,GiorgettaC
770,GiribetG
771,GiudiceL.
772,GlennG.M
773,GloriaA
774,GnaukH.-G
775,Gohar
776,GolayX
777,Golbey
778,GoldbergD.
779,Golden
780,GoldschmidtM.G
781,Goldstein
782,Gomberoff
783,GomesJ
784,GomotM
785,Gompel
786,GonzalezM
787,González-IbáñezA
788,GonzálezH.A
789,Gooding-WilliamsG
790,GopalakrishnanG
791,GopinathM
792,GoralnikL
793,GordonI
794,GordonR.
795,GoshornE.S
796,GospodarowiczD
797,GoswamiR
798,GottesmanD
799,Gour
800,GourG
801,GovindarajanT.R
802,GowatskyJ
803,GrabczakE.M
804,GrabhamP.W
805,GrabowskiJ
806,GrandellL
807,GrazianoM.S.
808,GrecucciA
809,GreenbergP.
810,GreeneT
811,GrefkesC
812,GressnerA.
813,GressnerO.A
814,Gries
815,GrigerZ
816,GrimaJ.
817,GrimmT.W
818,GrisellR.D
819,GrizzardW.
820,GrossiE
821,GrèzesJ
822,GrünewaldC
823,Guariglia
824,GuazzarottiG
825,GuelerF
826,Guilak
827,GuilbertJ
828,GuimaraesC.V.A
829,GuinjoanS.
830,Guo
831,GuoT
832,GuptaK.S
833,GuptaR.K
834,GuranS
835,Gurvich
836,Gustavsson
837,GuthrieG
838,GutperleM
839,GuzzoF
840,GylfasonT
841,Gálvez-GarcíaG
842,GüroǧluB
843,HU
844,HabibK
845,HabibullahM.
846,HackettJ
847,HacoS
848,HadidH
849,HadleyS.W
850,HaesebaertF
851,HafisIbrahimC.P
852,Haggard
853,HagiwaraK
854,HailongL
855,Haim
856,Hajak
857,HajakG
858,HakunoY
859,HalfordP
860,HallP.J
861,HallerJ.
862,HallerU
863,Hallett
864,HallettM
865,HallifaxR.J
866,HalvorsenY.-D.C
867,HalyoE
868,Hamdi
869,HamelersB
870,HamidA.I.
871,HamiltonA
872,HammadF
873,HammerM.E
874,HammourM.
875,Han
876,HanK
877,HanS.
878,Haney-CaronE
879,HangY
880,HangebraukZ
881,Hanke
882,HanonS
883,HansenE.
884,HansenP.
885,HansenP.C
886,HaoS
887,HappéF
888,Hara
889,HaradaT
890,Hardy-BayléM.-C
891,HarricharanS
892,HarrisJ.R.
893,HarrisonP
894,HashimotoN
895,HastingsP.
896,HataM
897,Hatemi-JA
898,HattoriM
899,HattoriN
900,HauserM
901,HaussnerW
902,HavliogluN
903,HawkingS.
904,HawkingS.W
905,HayM
906,HayterC.
907,HaywardS.A
908,HazariwalaV
909,HeY
910,Heath
911,HedenstiernaG
912,HeffnerJ.
913,HeideckerJ
914,HeimerJ
915,HeimovaaraT.J
916,HeiskanenE
917,HeissK.F
918,Heldin
919,HellmanU
920,HelmkeR.J
921,HelmsB.
922,HendersonA.F
923,HenselN.
924,HerholzK
925,HermanK.S
926,HernandezR.M
927,Hernández-AlvarezM.-I
928,HeroldD
929,HerringD.N
930,HerrmannS
931,Hespel
932,HetzS.
933,HeydrichL
934,Hijikata
935,Himmelbach
936,HinrichsJ.E
937,Hirai
938,HirotaA.S
939,HirschbergS
940,HirschlR.B
941,HiscottJ
942,Ho
943,Hobman
944,HodaieM
945,HoffmannF
946,HoffstaedterF
947,HofmannL.J
948,HoickaC.E
949,HollyJ.M.P
950,HolmdahlL
951,HolthoffV
952,Homburg
953,Honda
954,HongH
955,HongK
956,Hoppmann
957,HorakD.A
958,HornS
959,HorovitzS.
960,HorowitzG.T
961,HoshinoE
962,HosseiniS.M
963,HosseinpourA.H
964,HoyK.
965,HoyK.E
966,HristovK
967,HsuH.-H
968,HsuJ.-R
969,HsuS.-C
970,HsuS.D.H
971,HsuT.-Y
972,HsuY.-Y
973,Hu
974,HuK
975,HuS.-Y
976,HuX
977,HuY
978,HuaG.B
979,Huang
980,HuangD
981,HuangI.-W
982,HuangJ
983,HuangR.
984,HuangT.-W
985,HubbellJ.
986,HuberleE
987,HudacC.M
988,Huenteler
989,HugginsJ.T
990,HughesC
991,HughesS.C
992,Huisingh
993,HumphreysG.
994,Hung
995,HungC
996,HungD
997,HungD.L
998,HuntingtonJ.T
999,HurJ
1000,HustinxR
1001,HuttonK.C
1002,Hwang
1003,HyattC.J
1004,HyroššováP
1005,IchidaM
1006,Igartua
1007,IgelstromK.M
1008,IgelströmK.M
1009,IjiriY
1010,IkedaA
1011,Ikram
1012,ImD
1013,ImG.-I
1014,InabaK
1015,IngeholmJ.E
1016,InocencioM
1017,InoueM
1018,Ionta
1019,IrwinJ.
1020,IshikawaF
1021,IshimotoK
1022,Islam
1023,IsmihanM
1024,Israel
1025,ItahashiT
1026,IvarssonM.-L
1027,IvryR.B
1028,IyerV
1029,IzunoT
1030,J.F
1031,JONESR.M
1032,JablonskiC
1033,Jackler
1034,JacksonP.
1035,Jacobson
1036,JacobsonT
1037,JacquotL
1038,JaffeA.B
1039,JainV
1040,JakharS
1041,Jakob
1042,JakobsO
1043,JalalB
1044,JalavaJ
1045,JamiesonG.G
1046,JankowskiK.F
1047,JanssensJ.-P
1048,Januel
1049,JayakumarN.D
1050,Jeanne
1051,JeffersonG.H
1052,JeonI
1053,JeongJ.Y
1054,Jha
1055,JiJ.-Y
1056,JiaY
1057,JiaZ
1058,JiangY
1059,JiangY.
1060,Jimenez
1061,JiménezLópezM.F
1062,Jin
1063,JinY
1064,JingJ
1065,Jinyue
1066,JohnsonE
1067,JohnsonM.C
1068,Jolles
1069,Jouneau
1070,Juan
1071,JuanC.-H
1072,JungN.-H
1073,JungR.E
1074,JurasinskiC.V
1075,JurewiczK
1076,JustM.
1077,JyothiR.K
1078,JyothiR.K.
1079,K
1080,KAYD.L
1081,KaamA.H
1082,Kabat
1083,KabatD
1084,KaganovichM
1085,KahntT
1086,KaiglerD
1087,KalamA
1088,KalbeE
1089,Kalenscher
1090,KallioM
1091,KameiK
1092,KammenD.
1093,Kamshad
1094,KanaR.K
1095,KandoiS
1096,Kang
1097,KangG
1098,Kangasharju
1099,Kano-Sueoka
1100,Kanosue
1101,Kanwisher
1102,KaoR.T
1103,KaplanA
1104,KarakurtS
1105,KarimA.
1106,KaripidisI.I
1107,Karnath
1108,KarnathH.-O
1109,KarumanchiS.A
1110,KatzN.M
1111,KaulR.K
1112,KauppiJ.-P
1113,KawadaR
1114,KawahigashiY
1115,KawaiC
1116,KawamukaiK
1117,KawaseT
1118,KaygusuzK
1119,KazzazF
1120,KeelerC
1121,Keleş
1122,KellerC.
1123,KellerT.A
1124,KellyA.C
1125,KendrickJ.
1126,KenmokuM
1127,KenningP
1128,KeoghM.
1129,KerlanR.K
1130,KernD.A
1131,KerrC.
1132,KeshenS.G.N
1133,Keshet
1134,Kessler
1135,KesslerK
1136,KeulersE.H.H
1137,KhachatryanH
1138,KhalifehM.S
1139,KhanS.A.R
1140,KheirabadiB.S
1141,KihlmanS
1142,Kilpatrick
1143,Kim
1144,KimB
1145,KimD.Y
1146,KimH
1147,KimH.I
1148,KimH.J
1149,KimJ
1150,KimJ.-S
1151,KimJ.Y
1152,KimS
1153,KimY.
1154,Kimura
1155,King
1156,KingC.W
1157,KirchhoffB
1158,KirkovskiM
1159,Kirkpatrick
1160,KirkpatrickC.
1161,KirpgtinD.
1162,KirschD
1163,Kitano
1164,KivelaA
1165,KivinenM
1166,KizilkanO
1167,KlainS.C
1168,KlarJ
1169,Kleber
1170,KleinB.
1171,KleinJ.S
1172,KleinerM
1173,KlemešJ.J
1174,KljajichR.V
1175,KlopfensteinT
1176,KlosterS
1177,KnebelJ.-F
1178,KnegteringH
1179,Knight
1180,KnudsenL
1181,Knuth
1182,KoL.-W
1183,KobayashiE
1184,KocherlakotaN.
1185,KoehneS
1186,KogaJ
1187,KohS
1188,Kohli
1189,KoizumiK
1190,KolekarS
1191,Kolios
1192,KoljonenT
1193,KomatsuN
1194,KongX
1195,KoniskyD.
1196,Konrad
1197,KoromS
1198,KosiorR
1199,Koster-HaleJ
1200,Kostine
1201,Kostis
1202,KotaniH
1203,KotchenM.J
1204,KotchoubeyB
1205,KothawalaD
1206,KotseosK
1207,KotzebueJ.R
1208,KougiasI
1209,KoulR.K
1210,KovelmanI
1211,KrabbendamL
1212,KrallS.C
1213,Krasnov
1214,Kraus
1215,KrausP
1216,KrebsM.-O
1217,KreisbeckC
1218,KrendlA.
1219,KrenkeR
1220,KretM.E
1221,KronbichlerM
1222,Krugman
1223,KrysztopikR
1224,KuangB
1225,KubizňákD
1226,KubotaM
1227,KucyiA
1228,KudrinA
1229,KujalaJ
1230,Kumar
1231,KumarA
1232,KumarS
1233,KurodaY
1234,KurrerM.O
1235,KusumiI
1236,L
1237,LEDINGHAMI.
1238,LEEH
1239,LI
1240,LOW
1241,LaBergeJ.M
1242,LaFaverK
1243,LaMonacaS
1244,LaVioletteP
1245,LacquanitiF
1246,Ladurner
1247,LagopoulosJ
1248,LahanS
1249,LahmeB
1250,LahteenvuoJ.E
1251,LahteenvuoM.T
1252,LaiM.-C
1253,LairdA.R
1254,LaivaA.L
1255,Lal
1256,LalA.P
1257,LalS
1258,LalasD.
1259,LamE
1260,LambertiT
1261,LamichhaneB
1262,Lamm
1263,LandisT
1264,LaneM.
1265,LanesS.
1266,LangfordR.
1267,LangnerR
1268,LanirA
1269,Lanius
1270,LantzS.D
1271,LarrabeeM.
1272,LarroquetM
1273,Larsen
1274,LarsenF
1275,LaschF
1276,LastraR
1277,LauriL.
1278,LautzT.
1279,LawrenceA.E
1280,Le
1281,LeHôR
1282,LeRoyF
1283,LeaderA
1284,LeberA.B
1285,LeblondC
1286,Lee
1287,LeeA.Y
1288,LeeB.Y
1289,LeeD.-H
1290,LeeG
1291,LeeJ
1292,LeeJ.
1293,LeeJ.Y
1294,LeeK.S
1295,LeeS
1296,LeeS.-C
1297,LeeS.-H
1298,LeeY.C.G
1299,LegrasA
1300,LehtiläA
1301,LeiberL.-M
1302,Leigh-SmithS
1303,LeiserowitzA.
1304,LeloupL
1305,Lemaitre
1306,Lembo
1307,LemeeJ.-M
1308,LemoalleA
1309,LemosJ.P.S
1310,LenoirM
1311,LevinE.J
1312,LewA.A
1313,LewanderR
1314,Lewandowski
1315,Lewis
1316,LewisA.
1317,LewisN.D.H
1318,LewisP.A
1319,LewisS.J
1320,LeónP
1321,Li
1322,LiC
1323,LiC.-W
1324,LiD
1325,LiF
1326,LiJ
1327,LiQ
1328,LiS.-L
1329,LiT
1330,LiX
1331,LiX.
1332,LiY
1333,LiY.W
1334,Liang
1335,LiangW.-K
1336,LiaoC
1337,LichtensteinD.
1338,LiebermanM.
1339,LiemburgE.J
1340,LifschytzG
1341,LightR.
1342,LimK.-E
1343,LinB.C
1344,LinC.-K
1345,LinC.-P
1346,LinC.-Y
1347,LinH.-Y
1348,LinV.S
1349,LinW.-L
1350,LinaresN
1351,LindsleyK
1352,LinehanW.
1353,LineweaverC.
1354,Liong
1355,LipsettJ.
1356,Lisanby
1357,LisanbyS.H
1358,Lisbão
1359,LisickiM
1360,LitimD.
1361,Liu
1362,LiuC.-Z
1363,LiuD
1364,LiuH
1365,LiuH.-L
1366,LiuN
1367,LiuW
1368,LiuZ
1369,LivineE.R
1370,Lizin
1371,Llorens-MartínM
1372,LoGerfoE
1373,LohA.H.P
1374,LohrenzT
1375,LombardoM.V
1376,LongJ.R
1377,Longo
1378,LongoM.R
1379,Lopez-LopezC
1380,LopezC
1381,LoranD.B
1382,LospinosoJ.A
1383,LossiusH.M
1384,Loucky
1385,Loued-KhenissiL
1386,Lovio
1387,LoweD.
1388,LoweD.A
1389,LowitzschJ
1390,Loy
1391,LuK
1392,LuchinsK
1393,LudemannR
1394,LundP.
1395,Luo
1396,LuoC
1397,LuoS
1398,LutcherE
1399,LuthraS
1400,LutolfM.P
1401,LvJ
1402,LynchS.
1403,LévayP
1404,Lüst
1405,LüstD
1406,MARANGONIG
1407,MARTINOA
1408,MURRAYS
1409,MaN
1410,MaS
1411,MacCarty
1412,MacDougaldO.A
1413,MadonnaM
1414,MadsenP
1415,MaeH
1416,MagdeleinatP
1417,Magis
1418,Magistri
1419,MaiX
1420,Majhi
1421,MajhiB.R
1422,Majumdar
1423,MajumdarP
1424,Majumder
1425,MakhijaZ
1426,MalaiappanS
1427,MaldacenaJ
1428,MaldacenaJ.
1429,MaldacenaJ.M
1430,MaldonadoF
1431,MalenJ
1432,MalfettoneA
1433,MalhiG.
1434,MalhotraA
1435,ManagiS
1436,ManchéA
1437,MandalI
1438,Mandarich
1439,MandarichD
1440,ManginJ.-F
1441,ManglaS.K
1442,MangosJ.
1443,MangunG.
1444,MannG
1445,MannR.B
1446,ManningC.N
1447,Mansuet-LupoA
1448,Mantovani
1449,MantovaniA
1450,MaravitaA
1451,MarcusA
1452,MarcusA.
1453,MargolisM
1454,MariqueP
1455,MarkS.
1456,MarkakiM
1457,MarkowitschH.J
1458,MarkusenJ.
1459,Marois
1460,MarquetteC.H
1461,Marrinan
1462,MarsR.B
1463,MarshallIsaacsS
1464,MartelliD
1465,Martin
1466,MartinA.K
1467,MartinR.
1468,MartínezC
1469,MarxR.E
1470,MascioG
1471,MaseratiL
1472,MashourG.
1473,Maskell
1474,MaskellN.
1475,Mason
1476,MassaroV
1477,MasuiH
1478,MathurV.A
1479,MatschossK
1480,Matsuda
1481,MatsuhashiM
1482,MatsumotoR
1483,MatsuoM
1484,MatsuokaY
1485,MauckR.L
1486,MaurerC.W
1487,MavridisS
1488,MavrosP.L
1489,MayerA.R
1490,MayerK
1491,MayoA.
1492,MazerandE
1493,McAllisterC
1494,McCallK.E
1495,McCartyM
1496,McCormick
1497,McElroyJ.C
1498,McGrathB.
1499,McGuireM.K
1500,McHugh
1501,McKinney
1502,McKinnonM.C
1503,McNicoll
1504,McQueenS
1505,MeadowsK
1506,MecklerS.M
1507,MedvedA.J.
1508,MeekB.P
1509,MehlerP.
1510,MehrkensA
1511,MehtaH
1512,MeiY
1513,MeierrieksD
1514,MeinhardtJ
1515,Meinzer
1516,Meisels
1517,MeissnerK.
1518,MeisterI.G
1519,Meixner
1520,MeleS
1521,MellonigJ.T
1522,MenaMarugánG.
1523,MendelP
1524,MeneiP
1525,MengottiP
1526,MenonR
1527,MenonR.S
1528,MenovskyT
1529,Merayo-LlovesJ
1530,MercaldiC.J
1531,Merten
1532,MervenB
1533,Metin-Ozcan
1534,MeyerF
1535,MeysmanM
1536,MezherC
1537,MianE
1538,MicallefJ.P
1539,MichaelG.
1540,MichaelidesP
1541,MichalskyM.
1542,Michea
1543,MichelC.
1544,MichelC.M
1545,MickiewiczT
1546,MiedemaM
1547,Mignemi
1548,MiguilM
1549,Milan
1550,MiletichD.D
1551,MillerJ.
1552,MillerJ.G
1553,MillerS
1554,MillonigA
1555,Minagawa
1556,MinamiH
1557,MingQ
1558,MinshewN.J
1559,MirasgedisS
1560,MirkovicB
1561,MisraR
1562,MissbachA
1563,Mitra
1564,MitrašinovićA.
1565,Mittlefehldt
1566,MiyakeM
1567,MiyamotoT
1568,MiyaoM
1569,MiyazonoK
1570,MizuguchiN
1571,ModakS.
1572,Modirrousta
1573,MoemenM.A
1574,MohantyA
1575,Mohaupt
1576,Mohd
1577,MohebbiI
1578,MohrC
1579,MolinsLópez-RodóL
1580,MollH.
1581,MomoseM
1582,MondinoM
1583,MonetteS
1584,MontagueP.
1585,MontoyaJ.H
1586,Moo-YoungM
1587,MoomawR.L
1588,MoonI.
1589,MooreC.J
1590,MooreE.A
1591,MooreS.
1592,Mora
1593,MoraisC.C.A
1594,MoralesJ.F
1595,MoranJ
1596,MoreS.
1597,MoreseR
1598,Morioka
1599,MorishimaY
1600,MoritzA.J
1601,MorrisA.C
1602,MorrisK.
1603,MorrisonA
1604,MorrissF.
1605,MorrowP.C
1606,MossF
1607,MotsohiT
1608,MoulierV
1609,MowryB
1610,MoyesL
1611,MuduliK
1612,MukherjiS
1613,MukohyamaS
1614,MullonJ.
1615,MuraiT
1616,MurakamiH
1617,MurataM
1618,MurphyK
1619,MurphyP.
1620,Murthy
1621,MurthyS
1622,MuscoliniM
1623,MuslinA.
1624,MustafaOmer
1625,MutluA.K
1626,MyersR.
1627,MyersR.C
1628,MäkeläS
1629,MüllerH
1630,MüllerV.I
1631,NOPPEN
1632,NadalJ.
1633,NadelE.
1634,NagelsA
1635,NahS.A
1636,NahianA.J
1637,NakagawaK
1638,NakaharaT
1639,NakamatsuK
1640,Nakamura
1641,NakamuraT
1642,NakanishiH
1643,NakataH
1644,NandiK.K
1645,NanjiA.A
1646,NaoiN
1647,NarayananV
1648,NaritaH
1649,NarulaN
1650,NascimentoD
1651,NassaniA.A
1652,NathanN
1653,NathwaniJ
1654,Navarro
1655,Navarro-SalasJ
1656,NaveteurJ
1657,NazarianB
1658,NedelinA
1659,Neiman
1660,Nejati
1661,Nelson
1662,NelsonD
1663,NeubertF.-X
1664,NeufangS
1665,NeufeldR
1666,NeufeldR.W.J
1667,NeupaneI.
1668,NevinsM
1669,NevinsM.L
1670,Newell
1671,NewellR.G
1672,NewenA
1673,NgM
1674,NgP.
1675,NguyenP.
1676,NguyenP.H
1677,NguyenV
1678,NianJ
1679,NiaziA.
1680,NiemanR
1681,Nijmeijer
1682,NikitasA
1683,NishiY
1684,NissiläH
1685,NitscheM.A
1686,NiuY
1687,NivolaP.S
1688,NobusakoS
1689,NojiriS
1690,Nomura
1691,Noppen
1692,NoppenM
1693,NorgrenA
1694,NorthD.
1695,NotterM.P
1696,NouiK
1697,NozariK
1698,NsiahC
1699,Ntusi
1700,NugentW.
1701,OatesT
1702,OberwellandE
1703,OcasionezD
1704,OckertB
1705,OdaK
1706,OdintsovS.
1707,OdunayoA
1708,OestreichL
1709,Ofori
1710,OhH.S
1711,OharaS
1712,OhtaH
1713,OishiA
1714,OkamotoH
1715,OkamotoI
1716,Okimoto
1717,OkuboR
1718,OkudaK
1719,OlivaJ
1720,Oliveri
1721,OlivéI
1722,OliéJ.-P
1723,OlmosL
1724,OncelM
1725,OngL.Y
1726,OngR.C
1727,Orive
1728,OrrF.
1729,OrtigueS
1730,OshimaK
1731,OsuchE
1732,OsuchE.A
1733,OsumiM
1734,OttolinaJ
1735,OttoneS
1736,OvelandN.P
1737,Ozturk
1738,OzturkI
1739,OzturkM
1740,O’BrienF.J
1741,P.K
1742,PERALDOBICELLI
1743,PRATTJ.E
1744,PROUDD
1745,PULLANC.
1746,PacceP.H.D
1747,Pace-BardonM
1748,Padmanabhan
1749,PageD.
1750,PahleM
1751,Paillère-MartinotM.-L
1752,PakniaN
1753,PalS.
1754,Palei
1755,Paleolog
1756,PalermoE
1757,PalkowskiG.H
1758,PalluaS
1759,PaluchK
1760,PalumboD
1761,PancaroC
1762,PanditA.S
1763,PangE.W
1764,PangH
1765,PanneerSelvamS.
1766,PanopoulouE
1767,PapeoL
1768,ParamatiS.R
1769,PardeeA.
1770,ParhiP.K
1771,ParisiV
1772,Park
1773,ParkC.
1774,ParkH
1775,ParkJ
1776,ParkJ.-M
1777,ParkJ.-S
1778,ParkJ.W
1779,ParkM.-I
1780,ParkY.G
1781,ParkerT.
1782,ParrillaJ.C
1783,Parrondo
1784,ParslowP
1785,Pascual-LeoneA
1786,Passerieux
1787,Passerini
1788,PassiniA
1789,Passos
1790,PatadiaS
1791,PatelG.H
1792,PathakA
1793,Paus
1794,PautlerS.E
1795,PaxsonC.L
1796,PayneS
1797,PearrowM.J
1798,PedenM.C
1799,PedrazJ.L
1800,PedrazaJ.
1801,PeetA.W
1802,PelaezRomeroC
1803,PelphreyK.
1804,PelphreyK.A
1805,PengH
1806,PengL
1807,PengS
1808,PengY
1809,PennerJ
1810,PeraniD
1811,PereiraA.M
1812,Perez
1813,PerezA
1814,PerezD.L
1815,PerkinsE.J
1816,PernerJ
1817,Perng
1818,Perren
1819,PerrinoC
1820,PerronsR.K
1821,PerrottiV
1822,PerryM.
1823,PerryM.J
1824,PetersB
1825,PetersonK.T
1826,PetrakisP
1827,PetrakisP.E
1828,PeznerR.D
1829,Peñuelas-HaroI
1830,PhillipsC
1831,PhillipsJ
1832,PiaL
1833,PiattelliA
1834,PiccardiL
1835,PiccirilliM
1836,PickensG.
1837,Pidokrajt
1838,Piefke
1839,Pinamonti
1840,Pino
1841,PitskelN.B
1842,PittsK.D
1843,PizerW.A
1844,PlancherG
1845,PlatzE
1846,PlazeM
1847,PlojouxJ
1848,PoepplT.B
1849,Pohjola
1850,PoizotP
1851,PollmannS
1852,PolychronakosA.P
1853,Pompeo
1854,PonrartanaS
1855,PonzanoF
1856,PopeC.
1857,PoratR
1858,PorcelJ.
1859,PorfyriadisA.P
1860,PortaC
1861,PouletE
1862,Pourhassan
1863,PowellL.
1864,Power
1865,Pracna
1866,PradhanA.K
1867,Prakasam
1868,Pranzetti
1869,Preskill
1870,Pressacco
1871,PresterP.D
1872,PrestopnikJ.L
1873,PretoriusF
1874,Preuschoff
1875,PriceC.J
1876,Procaccini
1877,ProençaS
1878,PsomiadesM
1879,PuschmannS
1880,Pélissier
1881,PérennouD.A
1882,PérezA
1883,PérezTrullénA
1884,QarniT
1885,QaziAbroM.M
1886,QiaoJ
1887,QuesqueF
1888,R
1889,RUTTERN
1890,RadI.
1891,RafalR.
1892,RafieeM.J
1893,RahtuM
1894,Raimi
1895,Raiteri
1896,RajaramanA
1897,RajdevK
1898,RamaS.
1899,RamachandranV.
1900,RamanculovE
1901,Rami-PortaR
1902,Randall
1903,RanganathanS.
1904,RankineJ.
1905,RaoS.M
1906,RaspeO
1907,RasperiniG
1908,RastiH
1909,RattazziD
1910,RaviS
1911,RavidàA
1912,RawskiT.G
1913,Read
1914,RedcayE
1915,RedleafM.I
1916,Reeb
1917,Refaely
1918,RegnardJ.-F
1919,RehbeinK
1920,RenZ
1921,RennigJ
1922,Revzin
1923,ReyesS
1924,Reys
1925,RezaieR
1926,RheeP
1927,RiccardiL
1928,RicciL
1929,RichardC
1930,RichardsH
1931,RichardsJ.E
1932,RickardsH.E
1933,RiddochM.J
1934,RiestraA.C
1935,RihsT.A
1936,RimensbergerP.C
1937,RimoliB
1938,RinehartN.J
1939,Rinscheid
1940,RitterM.R
1941,RivaroloM
1942,RivasdeAndrésJ.J
1943,Rivero-FernÃ¡ndez
1944,RoT
1945,RobertsD.J
1946,RobertsN
1947,RobertsonH.L
1948,RobinsonP.D
1949,RochL.M
1950,RochasV
1951,Roche
1952,RocheB
1953,RocheN
1954,Rodriguez-Fuentes
1955,RoeT.
1956,RojasM
1957,RomanoD
1958,RomeroLauroL.
1959,RondinelliD.
1960,Rosen
1961,RosenM.L
1962,RosenbergN
1963,RosenlewC
1964,RoskiC
1965,RossetD
1966,RotshteinP
1967,RottschyC
1968,RougetE
1969,Rousset-JablonskiC
1970,Rovelli
1971,Rozelle
1972,RudingwaP
1973,RudolphE.S.J
1974,RuesterS
1975,RuffC.C
1976,RushworthM.F.
1977,RussoJ.
1978,RussoT
1979,RyuO.H
1980,S
1981,SANICOA.M
1982,SAXER
1983,SIMO
1984,SO
1985,STANISZA.M
1986,SUNGL
1987,SUSSKIND
1988,SaakesM
1989,SaarinenT
1990,SadeghiJ
1991,SadikotR.T
1992,SadiqW
1993,Sadorsky
1994,SaglianoL
1995,SahaB.K
1996,SahnS.
1997,SahnS.A
1998,SaidaH
1999,Saiki
2000,SaikinS.K
2001,SaitoY
2002,SajonzB
2003,SakaiS
2004,SakhujaV
2005,Sakiyama-ElbertS.E
2006,Sakurai
2007,SakuraiH
2008,SalehinejadM.A
2009,SalesB.B
2010,SalguesS
2011,Salimi
2012,Sallet
2013,SalletJ
2014,Salmelin
2015,SalmonE
2016,SaléA
2017,Samanta
2018,SamimiK
2019,Sammartino
2020,Samson
2021,Samtleben
2022,SamuelJ
2023,Sanchez-AvilaR.M
2024,SanchezD.L
2025,Sancho-SouteloN
2026,Sandell
2027,SandersK.T
2028,SanfeyA.
2029,SanigaM
2030,SantiestebanI
2031,SantosT.
2032,Sarkar
2033,SarkarC
2034,SarkarS
2035,SatoG.H
2036,SatoH
2037,SatoS
2038,SatterfieldT
2039,SatterlyS
2040,SavigneW
2041,SavoieK
2042,Saxe
2043,SaxeR
2044,SaxeR.R
2045,SayeghH.O
2046,SbiaR
2047,SbroggioM
2048,Scardigli
2049,SchaeferB
2050,Schaer
2051,SchefferR.B
2052,SchenkR.K
2053,SchepersN.J
2054,SchermanD
2055,SchilbachL
2056,SchimmeleS.R
2057,SchmidtT.
2058,SchmidtT.S
2059,SchneiderM
2060,SchneiderM.D
2061,SchneiterD
2062,SchnyderJ.-M
2063,SchoenenJ
2064,ScholzJ
2065,SchoutenJ.W
2066,SchulmanP
2067,Schulte-RütherM
2068,SchultzS
2069,SchultzeC.
2070,SchulzL.E
2071,SchumacherM
2072,SchumacherR
2073,SchunkD
2074,Schurch
2075,SchurzM
2076,SchuwerkT
2077,SchwartzA.G
2078,SchwedaA
2079,SchweitzerB
2080,SchüpferF
2081,ScimecaJ.M
2082,SeeckM
2083,SefidgarA.
2084,Seidenberg
2085,Sela
2086,SellaroR
2087,SellarsM.E.K
2088,SellittoM
2089,Sen
2090,SeokH.Y
2091,SepkowitzK.
2092,SerencesJ.T
2093,SerinoA
2094,SerranoE
2095,SestieriC
2096,SetareM.R
2097,Shah
2098,ShahN.J
2099,ShahS.A.A
2100,ShahbazM
2101,Shahbazi-Moghaddam
2102,ShamsuddinA.F.
2103,Shankaranarayanan
2104,ShankaranarayananS
2105,Shao
2106,Sharma
2107,ShawN.
2108,ShayeghS
2109,SheberlaD
2110,SheltonR.M
2111,ShemfeM
2112,ShenK.R
2113,ShenW
2114,Sheng-Li
2115,ShengP
2116,ShenkerS.H
2117,SherpaK.S
2118,Shibasaki
2119,ShigemoriM
2120,Shigemoto
2121,ShigenoK
2122,ShihY.-C
2123,Shimizu
2124,Shimokata
2125,ShiraishiK
2126,ShirleyR.G
2127,ShishidoS
2128,ShklarZ
2129,ShomsteinS
2130,Short
2131,Shrestha
2132,ShuklaP.R
2133,ShulmanG.L
2134,ShutoT
2135,Siebenbürger
2136,SilkJ
2137,SilkJ.S
2138,SiluschekM
2139,Silva
2140,SilvaA.K.A
2141,Silvestre-AlberoA.M
2142,Silvestre-AlberoJ
2143,SimN.S
2144,SimS.K.R
2145,SimeonD
2146,SimmerJ
2147,SimonH.
2148,Simón
2149,Singer
2150,SinnerJ
2151,SisovicS
2152,SivakesavaS
2153,Sklar
2154,SleimanM.S.B
2155,SligteI
2156,Sloth
2157,Smedbäck
2158,Smith
2159,SmithJ
2160,SmithZ.P
2161,SmitsM
2162,Smolić
2163,SobelK.E
2164,SoccalP.M
2165,Soda
2166,SodianB
2167,Soh
2168,SohierL
2169,SohnC.-H
2170,SohnJ.-W
2171,SohnM
2172,SokolowskiJ
2173,SolangiY.A
2174,SolankiC.S.
2175,SolodukhinS.
2176,SolowR.
2177,SomersD.
2178,Sommer
2179,SommerM
2180,SomorinT
2181,SongB
2182,SongX
2183,SorkinR.
2184,Soukiazis
2185,SoukupovaJ
2186,SoultsiotiM
2187,Southgate
2188,SowaleA
2189,SowdenS
2190,SparingR
2191,SpenglerS
2192,SpinelliL
2193,SpiroJ.E
2194,SpiveyJ.
2195,SpoorJ.K.H
2196,SpornsO
2197,SpringerJ
2198,SpuntR.P
2199,SrM.V
2200,Srednicki
2201,SrimathveeravalliG
2202,SripavatakulK
2203,Sriramkumar
2204,SriranganK
2205,StabelJ.
2206,StadonL
2207,StaffenW
2208,Stamatakis
2209,SteckelJ.C
2210,SteffenB
2211,SteinM
2212,SteinbeisN
2213,SteinkampS
2214,SteinnerdL.
2215,StelfoxH.
2216,SternD.
2217,StevensM.
2218,StevensonG.
2219,StewartL
2220,StiersP
2221,StillwellA.S
2222,StoernerJ.W
2223,Stoilova
2224,StokkelandP.J
2225,StrasslerM.
2226,StratakosG
2227,Straube
2228,StraussJ.E
2229,Streimikiene
2230,StrombachT
2231,Strominger
2232,StromingerA
2233,SuC
2234,SuH
2235,SuJ
2236,SuS
2237,Suaud-ChagnyM.-F
2238,Suaud-ChagnyM.F
2239,SubotichD
2240,SueokaN
2241,SufianF
2242,SuhJ.H
2243,SummersS.M
2244,Sun
2245,SunP
2246,SunamG.S
2247,Suneeta
2248,Susskind
2249,Suzuki
2250,SuzukiH
2251,SuñerI.J
2252,Swartz
2253,Szabó
2254,Szerb
2255,TAVONI
2256,TEMPLE
2257,TOGIAS
2258,TabataY
2259,TaborD.P
2260,Tachikawa
2261,Tadasse
2262,Tae
2263,TaichmanN.S
2264,Takahashi
2265,TakahashiT
2266,TakaiT
2267,TakakiH
2268,TakanoR
2269,TakayamaM
2270,TallonJ
2271,Tamaki
2272,TamimiO
2273,TanJ
2274,TangA.C
2275,TangH
2276,TangT
2277,TangellapalliS
2278,TaniuchiM
2279,Tanizawa
2280,Tarafder
2281,TassoneE
2282,TavelliL
2283,TawfikA.N
2284,TaylorM.
2285,TaylorP.A
2286,TayrienM
2287,TeiS
2288,Teitelboim
2289,TeitelboimC
2290,TelekA
2291,TemmesA
2292,TempestaB
2293,TempoD
2294,TerMinassian
2295,Terashima
2296,TernoD.
2297,TescheC.
2298,Thakur
2299,ThebergeJ
2300,ThenepalliT
2301,ThiamD.R
2302,ThielC
2303,ThielC.
2304,ThoermerC
2305,TholenM.G
2306,ThomasF
2307,ThomasI.
2308,Thomopoulos
2309,ThompsonJ.
2310,Thorne
2311,ThébergeJ
2312,TimilsinaG.R
2313,TimminsA.G
2314,TingayD.
2315,TiwariA.
2316,ToblerP.
2317,ToblerP.N
2318,TocinoI.M
2319,ToddJ.J
2320,ToliasA.S
2321,TomlanovichM.
2322,TongL
2323,TorciaM
2324,ToroJ.R
2325,ToroL
2326,Torres-Aleman
2327,Torres-AlemánI
2328,Torres-RivasA
2329,TorresLanzas
2330,TosunJ
2331,ToureO
2332,TownsendR
2333,ToyomakiA
2334,TrachiotisG.D
2335,TranJ
2336,TrejoJ.
2337,TrejoJ.L
2338,TremblayM.-P.B
2339,TrojanoL
2340,Troncoso
2341,TroostJ
2342,TrumboM.C
2343,TruongD.Q
2344,Tsai
2345,Tsakiris
2346,TsakirisM
2347,TsarykR
2348,Tschopp
2349,TschoppJ.-M
2350,TsengP
2351,TsengW.-Y.
2352,Tsoumas
2353,Tsuchiya
2354,TuS
2355,TuanR.
2356,TufailA
2357,Tugnoli
2358,TuleuovaN
2359,Tzannatos
2360,TzaoC
2361,TzengO.J.L
2362,TóthB.I
2363,UngerleiderL.
2364,Unterberger
2365,UrbainC
2366,UrbanN
2367,Urgesi
2368,UsnichT
2369,V
2370,Vafa
2371,VagenasE.
2372,VakhtinA.A
2373,Valenzuela-SilvaC.M
2374,VanBovenR.W
2375,VanElkM
2376,VanHoeckN
2377,VanLaereK
2378,VanOort
2379,VanOverwalle
2380,VanOverwalleF
2381,VanPasselS
2382,VanWaelveldeH
2383,VandeHeyning
2384,VandekerckhoveM
2385,VandenBleekenD
2386,VanderWykB.
2387,VanderWykB.C
2388,VandermeerenY
2389,Vandoren
2390,VarbanovP.
2391,VarbanovP.S
2392,Varela
2393,VargheseS
2394,VaryT.
2395,VelaM
2396,VentrellaJ
2397,VerbanckS
2398,VercammenA
2399,VerdoliniE
2400,VergallitoA
2401,Verlinde
2402,VerlindeE
2403,VermaR.
2404,VermaasD.A
2405,VeroudeK
2406,Viaggiu
2407,VicarioC.M
2408,ViganòP
2409,VillaniS
2410,VillarA
2411,VillarrealM.F
2412,VillaseñorE.J.
2413,VillullasS
2414,VincentA.J.P.
2415,Vincken
2416,Vingerhoets
2417,Visser
2418,VistoliD
2419,VogeleyK
2420,VollickD
2421,VolzL.J
2422,VoonV
2423,Vossel
2424,VranaP
2425,VyasJ.
2426,WANGG
2427,WARNERM.
2428,WEXLER
2429,WIROSTKOB
2430,WONGT
2431,WOODCOCKT.E
2432,WagnerR.
2433,WaldR.
2434,WalkerC
2435,WalkerS
2436,WallA.
2437,WallisC
2438,Walter
2439,WalthamM
2440,WanAlwiS.R
2441,Wang
2442,WangH
2443,WangL.E
2444,WangM
2445,WangQ
2446,WangR
2447,WangS
2448,WangS.Q
2449,WangW
2450,WangX
2451,WardR.A
2452,WarnerB.
2453,WarnerN.
2454,Watanabe
2455,WatanabeA
2456,WatanabeK
2457,WatsonD.
2458,WatsonJ.J
2459,WebbT.W
2460,WebberM.
2461,WeberB
2462,Weder
2463,WehenkelM
2464,WeiM
2465,WeijermarsR
2466,WeinreichM
2467,WeiskirchenR
2468,WeissbergD
2469,Weissenbacher
2470,WellmanH.
2471,WeltjeG.J
2472,WemmelundK
2473,Wen-Biao
2474,Wen-BiaoL
2475,WengQ
2476,Wenzel
2477,WernstedtC
2478,WhiteP
2479,Whitfield-GabrieliS
2480,WickiS
2481,WienemannM
2482,WieseE
2483,WiggerB.
2484,Wilczek
2485,Will-LemosT
2486,Williams
2487,WilliamsD
2488,WilliamsJ.
2489,WilliamsK
2490,Williamson
2491,WilliamsonP.
2492,WilsonD.J
2493,WilsonH
2494,WilsonJ.K
2495,WilsonK
2496,WilsonM.W
2497,WimanL.
2498,Wisner-LynchL
2499,WitB.deMahapatra
2500,WitB.deMohaupt
2501,Witten
2502,WolakT
2503,WolfE
2504,WolfK.H.A.
2505,WongA
2506,WongW.K.
2507,WoodS.J
2508,WoodsideK.J
2509,WrightG.R.T
2510,Wróbel
2511,Wu
2512,WuF
2513,WuJ.-L
2514,WuQ
2515,WuX
2516,WyattT.
2517,WykowskaA
2518,XINGW
2519,XiS
2520,Xia
2521,XiaG
2522,Xiang
2523,Xiao
2524,Xiaoqiang
2525,XiaoqinW
2526,XieJ
2527,XieW
2528,XiongW
2529,XiuP
2530,Xu
2531,XuZ
2532,XuZ.
2533,XueH
2534,Xueliang
2535,YamadaS
2536,Yamamoto
2537,YamamotoJ
2538,YamashiroK
2539,Yami
2540,Yan
2541,YangH.C
2542,YangJ
2543,YangT
2544,YangX
2545,YangY
2546,YangZ
2547,Yantis
2548,Yao
2549,YaoY
2550,YarmohammadiH
2551,Yarom
2552,YatesD
2553,YavariF
2554,YeH
2555,YeP
2556,YessianK
2557,Yi
2558,YiadomM.Y.“Maya”A.B
2559,Yildiran
2560,Yin
2561,Yla-Herttuala
2562,YongJ.Y
2563,YoonJ.S
2564,Yoshie
2565,YoshikawaM
2566,Yoshimura
2567,Yoshor
2568,Youm
2569,YoungL
2570,YoungS
2571,YuW
2572,Yuan
2573,Yuan-XingG
2574,YukV
2575,YukselM
2576,Zaffaroni
2577,ZaitchikD
2578,Zaman
2579,ZamanK
2580,Zanelli
2581,ZangrilloA
2582,ZanniniP
2583,ZantahM
2584,ZaslavskiiO.
2585,ZavadskasE
2586,ZayetS
2587,ZelnikovA.
2588,ZengZ
2589,ZernM.A
2590,Zervos
2591,ZeuginD
2592,Zevini
2593,ZhaiQ
2594,Zhang
2595,ZhangF
2596,ZhangH
2597,ZhangJ
2598,ZhangK.
2599,ZhangL
2600,ZhangS
2601,ZhangW
2602,ZhangX
2603,ZhangY
2604,Zhao
2605,ZhaoJ
2606,ZhaoX
2607,ZhaoZ
2608,ZhenZ
2609,Zheng
2610,ZhengH
2611,ZhengS
2612,ZhiM
2613,Zhikharev
2614,Zhou
2615,ZhouC
2616,ZhouD
2617,ZhouY
2618,Zhu
2619,ZhuR
2620,ZhuS
2621,ZhuY
2622,Zhuang
2623,ZicheM
2624,Zielinska-KrawczykM
2625,Zilcha
2626,Zilles
2627,ZillesK
2628,ZinkeW
2629,ZischA.H
2630,Zoega
2631,ZucchiniL
2632,ZwischenbergerJ.
2633,ZwischenbergerJ.B
2634,deAchávalD
2635,deGelder
2636,deKlerkC.C.J.M
2637,deNoordhoutA.M
2638,dePeppoG.M
2639,deWitB
2640,denBoerJ.A
2641,hetLamH
2642,vanBuurenH.
2643,vanKaamA.H
2644,vanSchie
2645,vanSonnenbergE
2646,vanTulderF.
2647,vandenBosW
2648,vandenWildenbergW.P.M
2649,vonMoosR
2650,ÅmanJ.E
2651,ÖzdemC
2652,ĆetkovićS
