Titulos,URL,HUBsci,Categoria
On black hole entropy,https://journals.aps.org/prd/abstract/10.1103/PhysRevD.49.6587,https://sci-hub.se/https://journals.aps.org/prd/abstract/10.1103/PhysRevD.49.6587,Fisica
Quantum geometry and black hole entropy,https://journals.aps.org/prl/abstract/10.1103/PhysRevLett.80.904,https://sci-hub.se/https://journals.aps.org/prl/abstract/10.1103/PhysRevLett.80.904,Fisica
Do we understand black hole entropy?,https://arxiv.org/abs/gr-qc/9409015,https://sci-hub.se/https://arxiv.org/abs/gr-qc/9409015,Fisica
Dynamic black-hole entropy,https://www.sciencedirect.com/science/article/pii/S037596019900225X,https://sci-hub.se/https://www.sciencedirect.com/science/article/pii/S037596019900225X,Fisica
Black hole entropy: a closer look,https://www.mdpi.com/601904,https://sci-hub.se/https://www.mdpi.com/601904,Fisica
Black-hole entropy from quantum geometry,https://iopscience.iop.org/article/10.1088/0264-9381/21/22/014/meta,https://sci-hub.se/https://iopscience.iop.org/article/10.1088/0264-9381/21/22/014/meta,Fisica
Black hole entropy and entropy of entanglement,https://www.sciencedirect.com/science/article/pii/055032139500443V,https://sci-hub.se/https://www.sciencedirect.com/science/article/pii/055032139500443V,Fisica
Black hole entropy is the Noether charge,https://journals.aps.org/prd/abstract/10.1103/PhysRevD.48.R3427,https://sci-hub.se/https://journals.aps.org/prd/abstract/10.1103/PhysRevD.48.R3427,Fisica
Quantum black hole entropy,https://www.sciencedirect.com/science/article/pii/S0370269398010302,https://sci-hub.se/https://www.sciencedirect.com/science/article/pii/S0370269398010302,Fisica
Some speculations about black hole entropy in string theory,https://www.worldscientific.com/doi/abs/10.1142/9789814447232_0007,https://sci-hub.se/https://www.worldscientific.com/doi/abs/10.1142/9789814447232_0007,Fisica
Black hole entropy and higher curvature interactions,https://journals.aps.org/prl/abstract/10.1103/PhysRevLett.70.3684,https://sci-hub.se/https://journals.aps.org/prl/abstract/10.1103/PhysRevLett.70.3684,Fisica
Black holes and entropy,https://journals.aps.org/prd/abstract/10.1103/PhysRevD.7.2333,https://sci-hub.se/https://journals.aps.org/prd/abstract/10.1103/PhysRevD.7.2333,Fisica
Black hole entropy and induced gravity,https://arxiv.org/abs/gr-qc/9404039,https://sci-hub.se/https://arxiv.org/abs/gr-qc/9404039,Fisica
Black hole entropy from loop quantum gravity,https://journals.aps.org/prl/abstract/10.1103/PhysRevLett.77.3288,https://sci-hub.se/https://journals.aps.org/prl/abstract/10.1103/PhysRevLett.77.3288,Fisica
The SU (2) black hole entropy revisited,https://link.springer.com/article/10.1007/JHEP05(2011)016,https://sci-hub.se/https://link.springer.com/article/10.1007/JHEP05(2011)016,Fisica
General logarithmic corrections to black-hole entropy,https://iopscience.iop.org/article/10.1088/0264-9381/19/9/302/meta,https://sci-hub.se/https://iopscience.iop.org/article/10.1088/0264-9381/19/9/302/meta,Fisica
"Black hole entropy, special geometry and strings",https://onlinelibrary.wiley.com/doi/abs/10.1002/1521-3978(200102)49:1/3%3C3::AID-PROP3%3E3.0.CO;2-%23,https://sci-hub.se/https://onlinelibrary.wiley.com/doi/abs/10.1002/1521-3978(200102)49:1/3%3C3::AID-PROP3%3E3.0.CO;2-%23,Fisica
Universal canonical black hole entropy,https://journals.aps.org/prl/abstract/10.1103/PhysRevLett.92.141301,https://sci-hub.se/https://journals.aps.org/prl/abstract/10.1103/PhysRevLett.92.141301,Fisica
Quantum geometry of isolated horizons and black hole entropy,https://arxiv.org/abs/gr-qc/0005126,https://sci-hub.se/https://arxiv.org/abs/gr-qc/0005126,Fisica
"Logarithmic corrections to black hole entropy, from the Cardy formula",https://iopscience.iop.org/article/10.1088/0264-9381/17/20/302/meta,https://sci-hub.se/https://iopscience.iop.org/article/10.1088/0264-9381/17/20/302/meta,Fisica
Black hole entropy in M-theory,https://iopscience.iop.org/article/10.1088/1126-6708/1997/12/002/meta,https://sci-hub.se/https://iopscience.iop.org/article/10.1088/1126-6708/1997/12/002/meta,Fisica
Black hole entropy from entanglement: A review,https://arxiv.org/abs/0806.0402,https://sci-hub.se/https://arxiv.org/abs/0806.0402,Fisica
Black hole entropy without brick walls,https://www.sciencedirect.com/science/article/pii/S0370269302021238,https://sci-hub.se/https://www.sciencedirect.com/science/article/pii/S0370269302021238,Fisica
Black-hole entropy in loop quantum gravity,https://iopscience.iop.org/article/10.1088/0264-9381/21/22/015/meta,https://sci-hub.se/https://iopscience.iop.org/article/10.1088/0264-9381/21/22/015/meta,Fisica
Some properties of the Noether charge and a proposal for dynamical black hole entropy,https://journals.aps.org/prd/abstract/10.1103/PhysRevD.50.846,https://sci-hub.se/https://journals.aps.org/prd/abstract/10.1103/PhysRevD.50.846,Fisica
Black hole quantum tunnelling and black hole entropy correction,https://www.sciencedirect.com/science/article/pii/S0370269308011052,https://sci-hub.se/https://www.sciencedirect.com/science/article/pii/S0370269308011052,Fisica
Black hole entropy from conformal field theory in any dimension,https://journals.aps.org/prl/abstract/10.1103/PhysRevLett.82.2828,https://sci-hub.se/https://journals.aps.org/prl/abstract/10.1103/PhysRevLett.82.2828,Fisica
Black hole entropy function and the attractor mechanism in higher derivative gravity,https://iopscience.iop.org/article/10.1088/1126-6708/2005/09/038/meta,https://sci-hub.se/https://iopscience.iop.org/article/10.1088/1126-6708/2005/09/038/meta,Fisica
"Quasinormal modes, the area spectrum, and black hole entropy",https://journals.aps.org/prl/abstract/10.1103/PhysRevLett.90.081301,https://sci-hub.se/https://journals.aps.org/prl/abstract/10.1103/PhysRevLett.90.081301,Fisica
[HTML] An improved estimate of black hole entropy in the quantum geometry approach,https://www.sciencedirect.com/science/article/pii/S0370269305006076,https://sci-hub.se/https://www.sciencedirect.com/science/article/pii/S0370269305006076,Fisica
Black hole entropy and isolated horizons thermodynamics,https://journals.aps.org/prl/abstract/10.1103/PhysRevLett.107.241301,https://sci-hub.se/https://journals.aps.org/prl/abstract/10.1103/PhysRevLett.107.241301,Fisica
Increase of black hole entropy in higher curvature gravity,https://journals.aps.org/prd/abstract/10.1103/PhysRevD.52.3518,https://sci-hub.se/https://journals.aps.org/prd/abstract/10.1103/PhysRevD.52.3518,Fisica
Extremal limits and black hole entropy,https://iopscience.iop.org/article/10.1088/1126-6708/2009/11/109/meta,https://sci-hub.se/https://iopscience.iop.org/article/10.1088/1126-6708/2009/11/109/meta,Fisica
Black-hole entropy from complex Ashtekar variables,https://iopscience.iop.org/article/10.1209/0295-5075/107/10005/meta,https://sci-hub.se/https://iopscience.iop.org/article/10.1209/0295-5075/107/10005/meta,Fisica
Black Hole Entropy and Chern-Simons Theory,https://journals.aps.org/prl/abstract/10.1103/PhysRevLett.105.031302,https://sci-hub.se/https://journals.aps.org/prl/abstract/10.1103/PhysRevLett.105.031302,Fisica
Black hole entropy in the presence of Chern–Simons terms,https://iopscience.iop.org/article/10.1088/0264-9381/24/3/014/meta,https://sci-hub.se/https://iopscience.iop.org/article/10.1088/0264-9381/24/3/014/meta,Fisica
Black hole entropy from near-horizon microstates,https://iopscience.iop.org/article/10.1088/1126-6708/1998/02/009/meta,https://sci-hub.se/https://iopscience.iop.org/article/10.1088/1126-6708/1998/02/009/meta,Fisica
Black hole entropy and soft hair,https://link.springer.com/article/10.1007/JHEP12(2018)098,https://sci-hub.se/https://link.springer.com/article/10.1007/JHEP12(2018)098,Fisica
Black hole entropy as entanglement entropy: a holographic derivation,https://iopscience.iop.org/article/10.1088/1126-6708/2006/06/012/meta,https://sci-hub.se/https://iopscience.iop.org/article/10.1088/1126-6708/2006/06/012/meta,Fisica
Black hole entropy in two dimensions,https://journals.aps.org/prd/abstract/10.1103/PhysRevD.50.6412,https://sci-hub.se/https://journals.aps.org/prd/abstract/10.1103/PhysRevD.50.6412,Fisica
Corrections to macroscopic supersymmetric black-hole entropy,https://www.sciencedirect.com/science/article/pii/S0370269399002270,https://sci-hub.se/https://www.sciencedirect.com/science/article/pii/S0370269399002270,Fisica
Microscopic black hole entropy in theories with higher derivatives,https://iopscience.iop.org/article/10.1088/1126-6708/2005/09/034/meta,https://sci-hub.se/https://iopscience.iop.org/article/10.1088/1126-6708/2005/09/034/meta,Fisica
Black hole entropy quantization,https://journals.aps.org/prl/abstract/10.1103/PhysRevLett.98.181301,https://sci-hub.se/https://journals.aps.org/prl/abstract/10.1103/PhysRevLett.98.181301,Fisica
What we don't know about BTZ black hole entropy,https://iopscience.iop.org/article/10.1088/0264-9381/15/11/020/meta,https://sci-hub.se/https://iopscience.iop.org/article/10.1088/0264-9381/15/11/020/meta,Fisica
Statistical origin of black hole entropy in induced gravity,https://www.sciencedirect.com/science/article/pii/S0550321396006785,https://sci-hub.se/https://www.sciencedirect.com/science/article/pii/S0550321396006785,Fisica
Hawking radiation without black hole entropy,https://journals.aps.org/prl/abstract/10.1103/PhysRevLett.80.3436,https://sci-hub.se/https://journals.aps.org/prl/abstract/10.1103/PhysRevLett.80.3436,Fisica
Entropic cosmology for a generalized black-hole entropy,https://journals.aps.org/prd/abstract/10.1103/PhysRevD.88.083534,https://sci-hub.se/https://journals.aps.org/prd/abstract/10.1103/PhysRevD.88.083534,Fisica
On one-loop renormalization of black-hole entropy,https://www.sciencedirect.com/science/article/pii/0370269395012907,https://sci-hub.se/https://www.sciencedirect.com/science/article/pii/0370269395012907,Fisica
Dirty black holes: Entropy as a surface term,https://journals.aps.org/prd/abstract/10.1103/PhysRevD.48.5697,https://sci-hub.se/https://journals.aps.org/prd/abstract/10.1103/PhysRevD.48.5697,Fisica
Dynamical origin of the entropy of a black hole,https://journals.aps.org/prd/abstract/10.1103/PhysRevD.48.4545,https://sci-hub.se/https://journals.aps.org/prd/abstract/10.1103/PhysRevD.48.4545,Fisica
Proof of the weak gravity conjecture from black hole entropy,https://link.springer.com/article/10.1007/JHEP10(2018)004,https://sci-hub.se/https://link.springer.com/article/10.1007/JHEP10(2018)004,Fisica
"Entropy, area, and black hole pairs",https://journals.aps.org/prd/abstract/10.1103/PhysRevD.51.4302,https://sci-hub.se/https://journals.aps.org/prd/abstract/10.1103/PhysRevD.51.4302,Fisica
Entropy evaporated by a black hole,https://journals.aps.org/prl/abstract/10.1103/PhysRevLett.49.1683,https://sci-hub.se/https://journals.aps.org/prl/abstract/10.1103/PhysRevLett.49.1683,Fisica
Logarithmic corrections to extremal black hole entropy from quantum entropy function,https://link.springer.com/article/10.1007/JHEP03(2011)147,https://sci-hub.se/https://link.springer.com/article/10.1007/JHEP03(2011)147,Fisica
On the nature of black hole entropy,https://aip.scitation.org/doi/abs/10.1063/1.1301569,https://sci-hub.se/https://aip.scitation.org/doi/abs/10.1063/1.1301569,Fisica
Black hole entropy in canonical quantum gravity and superstring theory,https://journals.aps.org/prd/abstract/10.1103/PhysRevD.50.2700,https://sci-hub.se/https://journals.aps.org/prd/abstract/10.1103/PhysRevD.50.2700,Fisica
Black hole entropy and the dimensional continuation of the Gauss-Bonnet theorem,https://journals.aps.org/prl/abstract/10.1103/PhysRevLett.72.957,https://sci-hub.se/https://journals.aps.org/prl/abstract/10.1103/PhysRevLett.72.957,Fisica
Black hole entropy from the -invariant formulation of type I isolated horizons,https://journals.aps.org/prd/abstract/10.1103/PhysRevD.82.044050,https://sci-hub.se/https://journals.aps.org/prd/abstract/10.1103/PhysRevD.82.044050,Fisica
Thermal fluctuations and black-hole entropy,https://iopscience.iop.org/article/10.1088/0264-9381/20/15/303/meta,https://sci-hub.se/https://iopscience.iop.org/article/10.1088/0264-9381/20/15/303/meta,Fisica
Black hole entropy: Inside or out?,https://link.springer.com/article/10.1007/s10773-005-8896-z,https://sci-hub.se/https://link.springer.com/article/10.1007/s10773-005-8896-z,Fisica
Mechanism of the generation of black hole entropy in Sakharov's induced gravity,https://journals.aps.org/prd/abstract/10.1103/PhysRevD.56.2212,https://sci-hub.se/https://journals.aps.org/prd/abstract/10.1103/PhysRevD.56.2212,Fisica
Near extremal black hole entropy as entanglement entropy via,https://journals.aps.org/prd/abstract/10.1103/PhysRevD.77.064005,https://sci-hub.se/https://journals.aps.org/prd/abstract/10.1103/PhysRevD.77.064005,Fisica
Black holes in gravity with conformal anomaly and logarithmic term in black hole entropy,https://link.springer.com/article/10.1007/JHEP04(2010)082,https://sci-hub.se/https://link.springer.com/article/10.1007/JHEP04(2010)082,Fisica
On Gauss–Bonnet black hole entropy,https://iopscience.iop.org/article/10.1088/0264-9381/21/14/009/meta,https://sci-hub.se/https://iopscience.iop.org/article/10.1088/0264-9381/21/14/009/meta,Fisica
Asymptotic degeneracy of dyonic N= 4 string states and black hole entropy,https://iopscience.iop.org/article/10.1088/1126-6708/2004/12/075/meta,https://sci-hub.se/https://iopscience.iop.org/article/10.1088/1126-6708/2004/12/075/meta,Fisica
AdS5 black hole entropy near the BPS limit,https://link.springer.com/article/10.1007/JHEP06(2020)001,https://sci-hub.se/https://link.springer.com/article/10.1007/JHEP06(2020)001,Fisica
-Dimensional Black Hole Entropy Spectrum from Quasinormal Modes,https://journals.aps.org/prl/abstract/10.1103/PhysRevLett.90.161301,https://sci-hub.se/https://journals.aps.org/prl/abstract/10.1103/PhysRevLett.90.161301,Fisica
Supersymmetric index from black hole entropy,https://link.springer.com/article/10.1007/JHEP04(2011)034,https://sci-hub.se/https://link.springer.com/article/10.1007/JHEP04(2011)034,Fisica
Renormalization of black hole entropy and of the gravitational coupling constant,https://www.sciencedirect.com/science/article/pii/055032139500548X,https://sci-hub.se/https://www.sciencedirect.com/science/article/pii/055032139500548X,Fisica
"Black hole entropy function, attractors and precision counting of microstates",https://link.springer.com/article/10.1007/s10714-008-0626-4,https://sci-hub.se/https://link.springer.com/article/10.1007/s10714-008-0626-4,Fisica
Higher order corrections to black hole entropy,https://iopscience.iop.org/article/10.1088/0264-9381/22/19/021/meta,https://sci-hub.se/https://iopscience.iop.org/article/10.1088/0264-9381/22/19/021/meta,Fisica
Exponential corrections to black hole entropy,https://journals.aps.org/prl/abstract/10.1103/PhysRevLett.125.041302,https://sci-hub.se/https://journals.aps.org/prl/abstract/10.1103/PhysRevLett.125.041302,Fisica
An operational approach to black hole entropy,https://journals.aps.org/prd/abstract/10.1103/PhysRevD.57.6311,https://sci-hub.se/https://journals.aps.org/prd/abstract/10.1103/PhysRevD.57.6311,Fisica
Black Hole Entropy in Scalar-Tensor and Gravity: An Overview,https://www.mdpi.com/16690,https://sci-hub.se/https://www.mdpi.com/16690,Fisica
Strings on a cone and black hole entropy,https://www.sciencedirect.com/science/article/pii/0550321395000503,https://sci-hub.se/https://www.sciencedirect.com/science/article/pii/0550321395000503,Fisica
Universal 3d Cardy block and black hole entropy,https://link.springer.com/article/10.1007/JHEP03(2020)068,https://sci-hub.se/https://link.springer.com/article/10.1007/JHEP03(2020)068,Fisica
Logarithmic corrections to Schwarzschild and other non-extremal black hole entropy in different dimensions,https://link.springer.com/article/10.1007/JHEP04(2013)156,https://sci-hub.se/https://link.springer.com/article/10.1007/JHEP04(2013)156,Fisica
Black hole entropy in the O(N) model,https://journals.aps.org/prd/abstract/10.1103/PhysRevD.52.7027,https://sci-hub.se/https://journals.aps.org/prd/abstract/10.1103/PhysRevD.52.7027,Fisica
A comment on black hole entropy or does nature abhor a logarithm?,https://iopscience.iop.org/article/10.1088/0264-9381/22/1/009/meta,https://sci-hub.se/https://iopscience.iop.org/article/10.1088/0264-9381/22/1/009/meta,Fisica
Black hole entropy in massive Type IIA,https://iopscience.iop.org/article/10.1088/1361-6382/aa9f5b/meta,https://sci-hub.se/https://iopscience.iop.org/article/10.1088/1361-6382/aa9f5b/meta,Fisica
Quantum geometry and microscopic black hole entropy,https://iopscience.iop.org/article/10.1088/0264-9381/24/1/013/meta,https://sci-hub.se/https://iopscience.iop.org/article/10.1088/0264-9381/24/1/013/meta,Fisica
Quantum black hole entropy from 4d supersymmetric Cardy formula,https://journals.aps.org/prd/abstract/10.1103/PhysRevD.100.026008,https://sci-hub.se/https://journals.aps.org/prd/abstract/10.1103/PhysRevD.100.026008,Fisica
Black hole entropy in string-generated gravity models,https://journals.aps.org/prd/abstract/10.1103/PhysRevD.67.061501,https://sci-hub.se/https://journals.aps.org/prd/abstract/10.1103/PhysRevD.67.061501,Fisica
Black-hole entropy and thermodynamics from symmetries,https://iopscience.iop.org/article/10.1088/0264-9381/19/15/306/meta,https://sci-hub.se/https://iopscience.iop.org/article/10.1088/0264-9381/19/15/306/meta,Fisica
Why is black hole entropy affected by rotation?,https://link.springer.com/article/10.1007/JHEP02(2023)072,https://sci-hub.se/https://link.springer.com/article/10.1007/JHEP02(2023)072,Fisica
Black hole entropy and finite geometry,https://journals.aps.org/prd/abstract/10.1103/PhysRevD.79.084036,https://sci-hub.se/https://journals.aps.org/prd/abstract/10.1103/PhysRevD.79.084036,Fisica
Logarithmic corrections to black hole entropy and AdS/CFT correspondence,https://iopscience.iop.org/article/10.1088/1126-6708/2002/05/026/meta,https://sci-hub.se/https://iopscience.iop.org/article/10.1088/1126-6708/2002/05/026/meta,Fisica
Logarithmic corrections to black hole entropy,https://journals.aps.org/prd/abstract/10.1103/PhysRevD.90.043011,https://sci-hub.se/https://journals.aps.org/prd/abstract/10.1103/PhysRevD.90.043011,Fisica
Barrow's black hole entropy and the equipartition theorem,https://iopscience.iop.org/article/10.1209/0295-5075/130/40005/meta,https://sci-hub.se/https://iopscience.iop.org/article/10.1209/0295-5075/130/40005/meta,Fisica
[HTML] Generalized uncertainty principle and black hole entropy,https://www.sciencedirect.com/science/article/pii/S0370269306010616,https://sci-hub.se/https://www.sciencedirect.com/science/article/pii/S0370269306010616,Fisica
Statistical mechanics and black hole entropy,https://arxiv.org/abs/gr-qc/9509024,https://sci-hub.se/https://arxiv.org/abs/gr-qc/9509024,Fisica
Black hole entropy in higher curvature gravity,https://arxiv.org/abs/gr-qc/9502009,https://sci-hub.se/https://arxiv.org/abs/gr-qc/9502009,Fisica
"Symmetries, horizons, and black hole entropy",https://link.springer.com/article/10.1007/s10714-007-0467-6,https://sci-hub.se/https://link.springer.com/article/10.1007/s10714-007-0467-6,Fisica
Exact black hole entropy bound in conformal field theory,https://journals.aps.org/prd/abstract/10.1103/PhysRevD.63.047501,https://sci-hub.se/https://journals.aps.org/prd/abstract/10.1103/PhysRevD.63.047501,Fisica
[HTML] Non-extensive statistical mechanics and black hole entropy from quantum geometry,https://www.sciencedirect.com/science/article/pii/S0370269317308559,https://sci-hub.se/https://www.sciencedirect.com/science/article/pii/S0370269317308559,Fisica
Gravitational Cardy limit and AdS black hole entropy,https://link.springer.com/article/10.1007/JHEP11(2020)041,https://sci-hub.se/https://link.springer.com/article/10.1007/JHEP11(2020)041,Fisica
Black hole entropy and long strings,https://www.worldscientific.com/doi/abs/10.1142/S0218271822420068,https://sci-hub.se/https://www.worldscientific.com/doi/abs/10.1142/S0218271822420068,Fisica
[HTML] Black hole entropy and the modified uncertainty principle: a heuristic analysis,https://www.sciencedirect.com/science/article/pii/S0370269311009610,https://sci-hub.se/https://www.sciencedirect.com/science/article/pii/S0370269311009610,Fisica
Dirty black holes: Entropy versus area,https://journals.aps.org/prd/abstract/10.1103/PhysRevD.48.583,https://sci-hub.se/https://journals.aps.org/prd/abstract/10.1103/PhysRevD.48.583,Fisica
Logarithmic corrections to black hole entropy: an infrared window into the microstates,https://link.springer.com/article/10.1007/s10714-012-1336-5,https://sci-hub.se/https://link.springer.com/article/10.1007/s10714-012-1336-5,Fisica
[HTML] Revisiting the black hole entropy and the information paradox,https://www.hindawi.com/journals/ahep/2018/4130417/abs/,https://sci-hub.se/https://www.hindawi.com/journals/ahep/2018/4130417/abs/,Fisica
Black hole entropy and the Bekenstein bound,https://www.worldscientific.com/doi/abs/10.1142/9789811203961_0012,https://sci-hub.se/https://www.worldscientific.com/doi/abs/10.1142/9789811203961_0012,Fisica
An improved thin film brick-wall model of black hole entropy,https://iopscience.iop.org/article/10.1088/0256-307X/18/2/353/meta,https://sci-hub.se/https://iopscience.iop.org/article/10.1088/0256-307X/18/2/353/meta,Fisica
Near-horizon conformal symmetry and black hole entropy,https://journals.aps.org/prl/abstract/10.1103/PhysRevLett.88.241301,https://sci-hub.se/https://journals.aps.org/prl/abstract/10.1103/PhysRevLett.88.241301,Fisica
Nonperturbative black hole entropy and Kloosterman sums,https://link.springer.com/article/10.1007/JHEP03(2015)074,https://sci-hub.se/https://link.springer.com/article/10.1007/JHEP03(2015)074,Fisica
Entropy of the Schwarzschild black hole and the string–black-hole correspondence,https://journals.aps.org/prd/abstract/10.1103/PhysRevD.57.2410,https://sci-hub.se/https://journals.aps.org/prd/abstract/10.1103/PhysRevD.57.2410,Fisica
Logarithmic corrections to rotating extremal black hole entropy in four and five dimensions,https://link.springer.com/article/10.1007/s10714-012-1373-0,https://sci-hub.se/https://link.springer.com/article/10.1007/s10714-012-1373-0,Fisica
Effective conformal descriptions of black hole entropy,https://www.mdpi.com/26486,https://sci-hub.se/https://www.mdpi.com/26486,Fisica
Do gauge fields really contribute negatively to black hole entropy?,https://journals.aps.org/prd/abstract/10.1103/PhysRevD.86.064042,https://sci-hub.se/https://journals.aps.org/prd/abstract/10.1103/PhysRevD.86.064042,Fisica
Mass and charge fluctuations and black hole entropy,https://journals.aps.org/prd/abstract/10.1103/PhysRevD.71.024003,https://sci-hub.se/https://journals.aps.org/prd/abstract/10.1103/PhysRevD.71.024003,Fisica
BPS spectrum of the five-brane and black hole entropy,https://www.sciencedirect.com/science/article/pii/S0550321396006384,https://sci-hub.se/https://www.sciencedirect.com/science/article/pii/S0550321396006384,Fisica
One-loop renormalization of black hole entropy due to nonminimally coupled matter,https://journals.aps.org/prd/abstract/10.1103/PhysRevD.52.7046,https://sci-hub.se/https://journals.aps.org/prd/abstract/10.1103/PhysRevD.52.7046,Fisica
Can the entanglement entropy be the origin of black-hole entropy?,https://journals.aps.org/prd/abstract/10.1103/PhysRevD.55.7666,https://sci-hub.se/https://journals.aps.org/prd/abstract/10.1103/PhysRevD.55.7666,Fisica
From nonextensive statistics and black hole entropy to the holographic dark universe,https://journals.aps.org/prd/abstract/10.1103/PhysRevD.105.044042,https://sci-hub.se/https://journals.aps.org/prd/abstract/10.1103/PhysRevD.105.044042,Fisica
Quantization of black hole entropy from quasinormal modes,https://iopscience.iop.org/article/10.1088/1126-6708/2009/03/076/meta,https://sci-hub.se/https://iopscience.iop.org/article/10.1088/1126-6708/2009/03/076/meta,Fisica
The black hole entropy distance conjecture and black hole evaporation,https://onlinelibrary.wiley.com/doi/abs/10.1002/prop.202000130,https://sci-hub.se/https://onlinelibrary.wiley.com/doi/abs/10.1002/prop.202000130,Fisica
Black holes and the second law,https://www.worldscientific.com/doi/abs/10.1142/9789811203961_0022,https://sci-hub.se/https://www.worldscientific.com/doi/abs/10.1142/9789811203961_0022,Fisica
"U-invariants, black-hole entropy and fixed scalars",https://www.sciencedirect.com/science/article/pii/S0370269397004541,https://sci-hub.se/https://www.sciencedirect.com/science/article/pii/S0370269397004541,Fisica
Ten theses on black hole entropy,https://www.sciencedirect.com/science/article/pii/S1355219805000201,https://sci-hub.se/https://www.sciencedirect.com/science/article/pii/S1355219805000201,Fisica
Rotating black hole entropy from M5-branes,https://link.springer.com/article/10.1007/JHEP03(2020)057,https://sci-hub.se/https://link.springer.com/article/10.1007/JHEP03(2020)057,Fisica
Understanding the area proposal for extremal black hole entropy,https://journals.aps.org/prl/abstract/10.1103/PhysRevLett.78.1858,https://sci-hub.se/https://journals.aps.org/prl/abstract/10.1103/PhysRevLett.78.1858,Fisica
"[PDF] Black hole entropy as entropy of entanglement, or it's curtains for the equivalence principle",https://www.academia.edu/download/67939635/Better_Late_than_Never_Information_Retri20210709-28779-f2jdk1.pdf,https://sci-hub.se/https://www.academia.edu/download/67939635/Better_Late_than_Never_Information_Retri20210709-28779-f2jdk1.pdf,Fisica
Anomalies in gravitational charge algebras of null boundaries and black hole entropy,https://link.springer.com/article/10.1007/JHEP01(2021)137,https://sci-hub.se/https://link.springer.com/article/10.1007/JHEP01(2021)137,Fisica
Black hole thermodynamical entropy,https://link.springer.com/article/10.1140/epjc/s10052-013-2487-6,https://sci-hub.se/https://link.springer.com/article/10.1140/epjc/s10052-013-2487-6,Fisica
Entropy of a Vaidya black hole,https://journals.aps.org/prd/abstract/10.1103/PhysRevD.62.104001,https://sci-hub.se/https://journals.aps.org/prd/abstract/10.1103/PhysRevD.62.104001,Fisica
Black hole entropy: Off shell versus on shell,https://journals.aps.org/prd/abstract/10.1103/PhysRevD.54.2711,https://sci-hub.se/https://journals.aps.org/prd/abstract/10.1103/PhysRevD.54.2711,Fisica
Quantum horizons and black-hole entropy: inclusion of distortion and rotation,https://iopscience.iop.org/article/10.1088/0264-9381/22/4/L02/meta,https://sci-hub.se/https://iopscience.iop.org/article/10.1088/0264-9381/22/4/L02/meta,Fisica
The origin of black hole entropy in string theory,https://www.worldscientific.com/doi/pdf/10.1142/9789814527859#page=57,https://sci-hub.se/https://www.worldscientific.com/doi/pdf/10.1142/9789814527859#page=57,Fisica
Black hole entropy: statistical mechanics agrees with thermodynamics,https://journals.aps.org/prd/abstract/10.1103/PhysRevD.54.3900,https://sci-hub.se/https://journals.aps.org/prd/abstract/10.1103/PhysRevD.54.3900,Fisica
"Statistical mechanical origin of the entropy of a rotating, charged black hole",https://journals.aps.org/prl/abstract/10.1103/PhysRevLett.54.2171,https://sci-hub.se/https://journals.aps.org/prl/abstract/10.1103/PhysRevLett.54.2171,Fisica
Black hole entropy and viscosity bound in Horndeski gravity,https://link.springer.com/article/10.1007/JHEP11(2015)176,https://sci-hub.se/https://link.springer.com/article/10.1007/JHEP11(2015)176,Fisica
Macroscopic entropy of N= 2 extremal black holes,https://www.sciencedirect.com/science/article/pii/0370269396007113,https://sci-hub.se/https://www.sciencedirect.com/science/article/pii/0370269396007113,Fisica
"[HTML] Black hole entropy, curved space and monsters",https://www.sciencedirect.com/science/article/pii/S0370269307011562,https://sci-hub.se/https://www.sciencedirect.com/science/article/pii/S0370269307011562,Fisica
Black hole entropy in modified-gravity models,https://journals.aps.org/prd/abstract/10.1103/PhysRevD.77.044009,https://sci-hub.se/https://journals.aps.org/prd/abstract/10.1103/PhysRevD.77.044009,Fisica
From black hole entropy to energy-minimizing states in QFT,https://journals.aps.org/prd/abstract/10.1103/PhysRevD.101.046001,https://sci-hub.se/https://journals.aps.org/prd/abstract/10.1103/PhysRevD.101.046001,Fisica
Black hole entropy from Bondi-Metzner-Sachs symmetry at the horizon,https://journals.aps.org/prl/abstract/10.1103/PhysRevLett.120.101301,https://sci-hub.se/https://journals.aps.org/prl/abstract/10.1103/PhysRevLett.120.101301,Fisica
Black hole entropy and Lorentz-diffeomorphism Noether charge,https://journals.aps.org/prd/abstract/10.1103/PhysRevD.92.124010,https://sci-hub.se/https://journals.aps.org/prd/abstract/10.1103/PhysRevD.92.124010,Fisica
Entanglement interpretation of black hole entropy in string theory,https://iopscience.iop.org/article/10.1088/1126-6708/2006/01/098/meta,https://sci-hub.se/https://iopscience.iop.org/article/10.1088/1126-6708/2006/01/098/meta,Fisica
The Hamiltonian dynamics of bounded spacetime and black hole entropy: The canonical method,https://www.sciencedirect.com/science/article/pii/S0550321302002924,https://sci-hub.se/https://www.sciencedirect.com/science/article/pii/S0550321302002924,Fisica
Quantum black holes: Entropy and entanglement on the horizon,https://www.sciencedirect.com/science/article/pii/S0550321306001295,https://sci-hub.se/https://www.sciencedirect.com/science/article/pii/S0550321306001295,Fisica
Black hole entropy functions and attractor equations,https://iopscience.iop.org/article/10.1088/1126-6708/2007/03/085/meta,https://sci-hub.se/https://iopscience.iop.org/article/10.1088/1126-6708/2007/03/085/meta,Fisica
Log correction to the black hole area law,https://journals.aps.org/prd/abstract/10.1103/PhysRevD.71.027502,https://sci-hub.se/https://journals.aps.org/prd/abstract/10.1103/PhysRevD.71.027502,Fisica
Entropy bounds and black hole remnants,https://journals.aps.org/prd/abstract/10.1103/PhysRevD.49.1912,https://sci-hub.se/https://journals.aps.org/prd/abstract/10.1103/PhysRevD.49.1912,Fisica
Black hole entropy sourced by string winding condensate,https://link.springer.com/article/10.1007/JHEP10(2021)219,https://sci-hub.se/https://link.springer.com/article/10.1007/JHEP10(2021)219,Fisica
Black-hole entropy from supergravity superstrata states,https://link.springer.com/article/10.1007/JHEP10(2014)140,https://sci-hub.se/https://link.springer.com/article/10.1007/JHEP10(2014)140,Fisica
''Nongeometric''contribution to the entropy of a black hole due to quantum corrections,https://journals.aps.org/prd/abstract/10.1103/PhysRevD.51.618,https://sci-hub.se/https://journals.aps.org/prd/abstract/10.1103/PhysRevD.51.618,Fisica
Higher spin black hole entropy in three dimensions,https://link.springer.com/article/10.1007/JHEP04(2013)143,https://sci-hub.se/https://link.springer.com/article/10.1007/JHEP04(2013)143,Fisica
On the existence of the logarithmic correction term in black hole entropy-area relation,https://link.springer.com/article/10.1007/s10714-007-0397-3,https://sci-hub.se/https://link.springer.com/article/10.1007/s10714-007-0397-3,Fisica
Generalized second law of thermodynamics in black-hole physics,https://journals.aps.org/prd/abstract/10.1103/PhysRevD.9.3292,https://sci-hub.se/https://journals.aps.org/prd/abstract/10.1103/PhysRevD.9.3292,Fisica
Statistical black-hole thermodynamics,https://journals.aps.org/prd/abstract/10.1103/PhysRevD.12.3077,https://sci-hub.se/https://journals.aps.org/prd/abstract/10.1103/PhysRevD.12.3077,Fisica
Severe constraints on the loop-quantum-gravity energy-momentum dispersion relation from the black-hole area-entropy law,https://journals.aps.org/prd/abstract/10.1103/PhysRevD.70.107501,https://sci-hub.se/https://journals.aps.org/prd/abstract/10.1103/PhysRevD.70.107501,Fisica
"Weak gravity conjecture, black hole entropy, and modular invariance",https://link.springer.com/article/10.1007/JHEP08(2019)022,https://sci-hub.se/https://link.springer.com/article/10.1007/JHEP08(2019)022,Fisica
[HTML] On area and entropy of a black hole,https://www.sciencedirect.com/science/article/pii/S0370269303013261,https://sci-hub.se/https://www.sciencedirect.com/science/article/pii/S0370269303013261,Fisica
Black hole entropy function for toric theories via Bethe Ansatz,https://link.springer.com/article/10.1007/JHEP04(2020)091,https://sci-hub.se/https://link.springer.com/article/10.1007/JHEP04(2020)091,Fisica
Entropy function and AdS2/CFT1 correspondence,https://iopscience.iop.org/article/10.1088/1126-6708/2008/11/075/meta,https://sci-hub.se/https://iopscience.iop.org/article/10.1088/1126-6708/2008/11/075/meta,Fisica
Black hole entropy and the problem of universality,https://iopscience.iop.org/article/10.1088/1742-6596/67/1/012022/meta,https://sci-hub.se/https://iopscience.iop.org/article/10.1088/1742-6596/67/1/012022/meta,Fisica
"Statistics, holography, and black hole entropy in loop quantum gravity",https://journals.aps.org/prd/abstract/10.1103/PhysRevD.89.084069,https://sci-hub.se/https://journals.aps.org/prd/abstract/10.1103/PhysRevD.89.084069,Fisica
[HTML] Quantum-corrected self-dual black hole entropy in tunneling formalism with GUP,https://www.sciencedirect.com/science/article/pii/S0370269315005924,https://sci-hub.se/https://www.sciencedirect.com/science/article/pii/S0370269315005924,Fisica
"Functional determinants, index theorems, and exact quantum black hole entropy",https://link.springer.com/article/10.1007/JHEP12(2015)028,https://sci-hub.se/https://link.springer.com/article/10.1007/JHEP12(2015)028,Fisica
Kerr-Newman black hole entropy and soft hair,https://arxiv.org/abs/1902.02247,https://sci-hub.se/https://arxiv.org/abs/1902.02247,Fisica
A note on renormalization and black hole entropy in loop quantum gravity,https://iopscience.iop.org/article/10.1088/0264-9381/24/18/N02/meta,https://sci-hub.se/https://iopscience.iop.org/article/10.1088/0264-9381/24/18/N02/meta,Fisica
Siegel modular forms and black hole entropy,https://link.springer.com/article/10.1007/JHEP04(2017)057,https://sci-hub.se/https://link.springer.com/article/10.1007/JHEP04(2017)057,Fisica
Revisiting the Logarithmic Corrections to the Black Hole Entropy,https://arxiv.org/abs/2209.13608,https://sci-hub.se/https://arxiv.org/abs/2209.13608,Fisica
"String triality, black hole entropy, and Cayley's hyperdeterminant",https://journals.aps.org/prd/abstract/10.1103/PhysRevD.76.025017,https://sci-hub.se/https://journals.aps.org/prd/abstract/10.1103/PhysRevD.76.025017,Fisica
Modified dispersion relations and black hole entropy,https://www.sciencedirect.com/science/article/pii/S0370269310001735,https://sci-hub.se/https://www.sciencedirect.com/science/article/pii/S0370269310001735,Fisica
Black hole entropy and quantum information,https://link.springer.com/chapter/10.1007/978-3-540-79523-0_2,https://sci-hub.se/https://link.springer.com/chapter/10.1007/978-3-540-79523-0_2,Fisica
Tachyon condensation and black hole entropy,https://journals.aps.org/prl/abstract/10.1103/PhysRevLett.88.091301,https://sci-hub.se/https://journals.aps.org/prl/abstract/10.1103/PhysRevLett.88.091301,Fisica
Entropy functions for accelerating black holes,https://journals.aps.org/prl/abstract/10.1103/PhysRevLett.130.091603,https://sci-hub.se/https://journals.aps.org/prl/abstract/10.1103/PhysRevLett.130.091603,Fisica
"Comment on Tsallis, C. Black Hole Entropy: A Closer Look. Entropy 2020, 22, 17",https://www.mdpi.com/844858,https://sci-hub.se/https://www.mdpi.com/844858,Fisica
Combinatorics of the black hole entropy in loop quantum gravity,https://journals.aps.org/prd/abstract/10.1103/PhysRevD.80.084006,https://sci-hub.se/https://journals.aps.org/prd/abstract/10.1103/PhysRevD.80.084006,Fisica
Black-hole entropy as causal links,https://link.springer.com/article/10.1023/A:1023781022519,https://sci-hub.se/https://link.springer.com/article/10.1023/A:1023781022519,Fisica
"Quasinormal modes, black hole entropy, and quantum geometry",https://journals.aps.org/prd/abstract/10.1103/PhysRevD.67.087502,https://sci-hub.se/https://journals.aps.org/prd/abstract/10.1103/PhysRevD.67.087502,Fisica
Where are the black-hole entropy degrees of freedom?,https://iopscience.iop.org/article/10.1088/0264-9381/24/20/022/meta,https://sci-hub.se/https://iopscience.iop.org/article/10.1088/0264-9381/24/20/022/meta,Fisica
Horizon constraints and black-hole entropy,https://iopscience.iop.org/article/10.1088/0264-9381/22/7/007/meta,https://sci-hub.se/https://iopscience.iop.org/article/10.1088/0264-9381/22/7/007/meta,Fisica
Improved black hole entropy calculation without cutoff,https://www.worldscientific.com/doi/abs/10.1142/S0217732304013192,https://sci-hub.se/https://www.worldscientific.com/doi/abs/10.1142/S0217732304013192,Fisica
All solutions of the localization equations for quantum black hole entropy,https://link.springer.com/article/10.1007/JHEP02(2013)141,https://sci-hub.se/https://link.springer.com/article/10.1007/JHEP02(2013)141,Fisica
Higher-derivative corrections to black hole entropy at zero temperature,https://journals.aps.org/prd/abstract/10.1103/PhysRevD.105.L081901,https://sci-hub.se/https://journals.aps.org/prd/abstract/10.1103/PhysRevD.105.L081901,Fisica
Analytic continuation of black hole entropy in loop quantum gravity,https://link.springer.com/article/10.1007/JHEP06(2015)145,https://sci-hub.se/https://link.springer.com/article/10.1007/JHEP06(2015)145,Fisica
Noether charge and black hole entropy in modified theories of gravity,https://journals.aps.org/prd/abstract/10.1103/PhysRevD.76.124001,https://sci-hub.se/https://journals.aps.org/prd/abstract/10.1103/PhysRevD.76.124001,Fisica
Black hole entropy calculations based on symmetries,https://iopscience.iop.org/article/10.1088/0264-9381/18/10/308/meta,https://sci-hub.se/https://iopscience.iop.org/article/10.1088/0264-9381/18/10/308/meta,Fisica
[HTML] Semiclassical corrections to black hole entropy and the generalized uncertainty principle,https://www.sciencedirect.com/science/article/pii/S0370269315000180,https://sci-hub.se/https://www.sciencedirect.com/science/article/pii/S0370269315000180,Fisica
Entropy inequality violations from ultraspinning black holes,https://journals.aps.org/prl/abstract/10.1103/PhysRevLett.115.031101,https://sci-hub.se/https://journals.aps.org/prl/abstract/10.1103/PhysRevLett.115.031101,Fisica
Isolated horizons and black hole entropy in loop quantum gravity,https://www.emis.de/journals/SIGMA/2012/048/,https://sci-hub.se/https://www.emis.de/journals/SIGMA/2012/048/,Fisica
Action and entropy of extreme and nonextreme black holes,https://journals.aps.org/prd/abstract/10.1103/PhysRevD.51.4315,https://sci-hub.se/https://journals.aps.org/prd/abstract/10.1103/PhysRevD.51.4315,Fisica
Time evolution of entanglement entropy from black hole interiors,https://link.springer.com/article/10.1007/JHEP05(2013)014,https://sci-hub.se/https://link.springer.com/article/10.1007/JHEP05(2013)014,Fisica
Black hole entropy from horizon conformal field theory,https://www.sciencedirect.com/science/article/pii/S0920563200007489,https://sci-hub.se/https://www.sciencedirect.com/science/article/pii/S0920563200007489,Fisica
Spherically symmetric black-hole entropy without brick walls,https://iopscience.iop.org/article/10.1088/0264-9381/20/22/012/meta,https://sci-hub.se/https://iopscience.iop.org/article/10.1088/0264-9381/20/22/012/meta,Fisica
Area-law versus Rényi and Tsallis black hole entropies,https://journals.aps.org/prd/abstract/10.1103/PhysRevD.104.084030,https://sci-hub.se/https://journals.aps.org/prd/abstract/10.1103/PhysRevD.104.084030,Fisica
Entropy function for heterotic black holes,https://iopscience.iop.org/article/10.1088/1126-6708/2006/03/008/meta,https://sci-hub.se/https://iopscience.iop.org/article/10.1088/1126-6708/2006/03/008/meta,Fisica
The off-shell black hole,https://iopscience.iop.org/article/10.1088/0264-9381/12/7/011/meta,https://sci-hub.se/https://iopscience.iop.org/article/10.1088/0264-9381/12/7/011/meta,Fisica
[HTML] The area of a rough black hole,https://www.sciencedirect.com/science/article/pii/S0370269320304469,https://sci-hub.se/https://www.sciencedirect.com/science/article/pii/S0370269320304469,Fisica
Microstate counting of AdS 4 hyperbolic black hole entropy via the topologically twisted index,https://link.springer.com/article/10.1007/JHEP08(2017)023,https://sci-hub.se/https://link.springer.com/article/10.1007/JHEP08(2017)023,Fisica
Effective conformal descriptions of black hole entropy: a review,https://aip.scitation.org/doi/abs/10.1063/1.4756962,https://sci-hub.se/https://aip.scitation.org/doi/abs/10.1063/1.4756962,Fisica
The imaginary part of the gravity action and black hole entropy,https://link.springer.com/article/10.1007/JHEP04(2013)071,https://sci-hub.se/https://link.springer.com/article/10.1007/JHEP04(2013)071,Fisica
Black hole entropy with minimal length in tunneling formalism,https://link.springer.com/article/10.1007/s10714-013-1581-2,https://sci-hub.se/https://link.springer.com/article/10.1007/s10714-013-1581-2,Fisica
"Thermal fields, entropy and black holes",https://iopscience.iop.org/article/10.1088/0264-9381/15/8/001/meta,https://sci-hub.se/https://iopscience.iop.org/article/10.1088/0264-9381/15/8/001/meta,Fisica
AdS7 black-hole entropy and 5D N = 2 Yang-Mills,https://link.springer.com/article/10.1007/JHEP01(2020)017,https://sci-hub.se/https://link.springer.com/article/10.1007/JHEP01(2020)017,Fisica
[HTML] Infinite black hole entropies at infinite distances and tower of states,https://www.sciencedirect.com/science/article/pii/S055032132030198X,https://sci-hub.se/https://www.sciencedirect.com/science/article/pii/S055032132030198X,Fisica
Entropy in dilatonic black hole background,https://journals.aps.org/prl/abstract/10.1103/PhysRevLett.73.2521,https://sci-hub.se/https://journals.aps.org/prl/abstract/10.1103/PhysRevLett.73.2521,Fisica
Problems in black hole entropy interpretation,https://arxiv.org/abs/gr-qc/9601032,https://sci-hub.se/https://arxiv.org/abs/gr-qc/9601032,Fisica
Black hole enthalpy and an entropy inequality for the thermodynamic volume,https://journals.aps.org/prd/abstract/10.1103/PhysRevD.84.024037,https://sci-hub.se/https://journals.aps.org/prd/abstract/10.1103/PhysRevD.84.024037,Fisica
"Black hole entropy, loop gravity, and polymer physics",https://iopscience.iop.org/article/10.1088/0264-9381/28/11/114006/meta,https://sci-hub.se/https://iopscience.iop.org/article/10.1088/0264-9381/28/11/114006/meta,Fisica
Hairy black hole entropy and the role of solitons in three dimensions,https://link.springer.com/article/10.1007/JHEP02(2012)136,https://sci-hub.se/https://link.springer.com/article/10.1007/JHEP02(2012)136,Fisica
"Revisiting Claims in"" Black Hole Entropy: A Closer Look""",https://arxiv.org/abs/2210.00324,https://sci-hub.se/https://arxiv.org/abs/2210.00324,Fisica
Algebraic approach to quantum black holes: logarithmic corrections to black hole entropy,https://journals.aps.org/prd/abstract/10.1103/PhysRevD.66.104022,https://sci-hub.se/https://journals.aps.org/prd/abstract/10.1103/PhysRevD.66.104022,Fisica
Comparison of the Noether charge and Euclidean methods for computing the entropy of stationary black holes,https://journals.aps.org/prd/abstract/10.1103/PhysRevD.52.4430,https://sci-hub.se/https://journals.aps.org/prd/abstract/10.1103/PhysRevD.52.4430,Fisica
"Non-minimal couplings, quantum geometry and black-hole entropy",https://iopscience.iop.org/article/10.1088/0264-9381/20/20/310/meta,https://sci-hub.se/https://iopscience.iop.org/article/10.1088/0264-9381/20/20/310/meta,Fisica
Quantum source of entropy for black holes,https://journals.aps.org/prd/abstract/10.1103/PhysRevD.34.373,https://sci-hub.se/https://journals.aps.org/prd/abstract/10.1103/PhysRevD.34.373,Fisica
Black-hole entropy and minimal diffusion,https://journals.aps.org/prd/abstract/10.1103/PhysRevD.88.084017,https://sci-hub.se/https://journals.aps.org/prd/abstract/10.1103/PhysRevD.88.084017,Fisica
Logarithmic correction to the Bekenstein-Hawking entropy of the BTZ black hole,https://iopscience.iop.org/article/10.1088/0264-9381/18/15/303/meta,https://sci-hub.se/https://iopscience.iop.org/article/10.1088/0264-9381/18/15/303/meta,Fisica
Black hole entropy in 3D gravity with torsion,https://iopscience.iop.org/article/10.1088/0264-9381/23/14/013/meta,https://sci-hub.se/https://iopscience.iop.org/article/10.1088/0264-9381/23/14/013/meta,Fisica
Black hole entropy from nonperturbative gauge theory,https://journals.aps.org/prd/abstract/10.1103/PhysRevD.64.124015,https://sci-hub.se/https://journals.aps.org/prd/abstract/10.1103/PhysRevD.64.124015,Fisica
[HTML] Barrow fractal entropy and the black hole quasinormal modes,https://www.sciencedirect.com/science/article/pii/S0370269320304068,https://sci-hub.se/https://www.sciencedirect.com/science/article/pii/S0370269320304068,Fisica
[HTML] Entanglement entropy of black holes,https://link.springer.com/article/10.12942/lrr-2011-8,https://sci-hub.se/https://link.springer.com/article/10.12942/lrr-2011-8,Fisica
Temperature and entropy of a quantum black hole and conformal anomaly,https://journals.aps.org/prd/abstract/10.1103/PhysRevD.51.R5352,https://sci-hub.se/https://journals.aps.org/prd/abstract/10.1103/PhysRevD.51.R5352,Fisica
Logarithmic correction to black hole entropy from the nonlocality of quantum gravity,https://journals.aps.org/prd/abstract/10.1103/PhysRevD.105.044013,https://sci-hub.se/https://journals.aps.org/prd/abstract/10.1103/PhysRevD.105.044013,Fisica
Black Hole Entropy: a spacetime foam approach,https://iopscience.iop.org/article/10.1088/0264-9381/14/7/014/meta,https://sci-hub.se/https://iopscience.iop.org/article/10.1088/0264-9381/14/7/014/meta,Fisica
Black hole entropic fuzzy clustering,https://ieeexplore.ieee.org/abstract/document/7893715/,https://sci-hub.se/https://ieeexplore.ieee.org/abstract/document/7893715/,Fisica
Entropy in black hole pair production,https://journals.aps.org/prd/abstract/10.1103/PhysRevD.49.958,https://sci-hub.se/https://journals.aps.org/prd/abstract/10.1103/PhysRevD.49.958,Fisica
Reflected entropy for an evaporating black hole,https://link.springer.com/article/10.1007/JHEP11(2020)155,https://sci-hub.se/https://link.springer.com/article/10.1007/JHEP11(2020)155,Fisica
Remark on black hole entropy in string theory,https://journals.aps.org/prd/abstract/10.1103/PhysRevD.50.7400,https://sci-hub.se/https://journals.aps.org/prd/abstract/10.1103/PhysRevD.50.7400,Fisica
Hawking radiation and black hole entropy in a gravity's rainbow,https://link.springer.com/article/10.1007/s10714-008-0607-7,https://sci-hub.se/https://link.springer.com/article/10.1007/s10714-008-0607-7,Fisica
Black hole entropy and the Hamiltonian formulation of diffeomorphism invariant theories,https://journals.aps.org/prd/abstract/10.1103/PhysRevD.52.7011,https://sci-hub.se/https://journals.aps.org/prd/abstract/10.1103/PhysRevD.52.7011,Fisica
Quantum aspects of black hole entropy,https://link.springer.com/article/10.1007/s12043-000-0163-5,https://sci-hub.se/https://link.springer.com/article/10.1007/s12043-000-0163-5,Fisica
Comment on “Black Hole Entropy from Conformal Field Theory in any Dimension”,https://journals.aps.org/prl/abstract/10.1103/PhysRevLett.83.5595,https://sci-hub.se/https://journals.aps.org/prl/abstract/10.1103/PhysRevLett.83.5595,Fisica
"Static Isolated Horizons: SU(2) Invariant Phase Space, Quantization, and Black Hole Entropy",https://www.mdpi.com/23656,https://sci-hub.se/https://www.mdpi.com/23656,Fisica
Quantum corrections to black hole entropy in string theory,https://www.sciencedirect.com/science/article/pii/037026939500056Q,https://sci-hub.se/https://www.sciencedirect.com/science/article/pii/037026939500056Q,Fisica
Revisiting localization for BPS black hole entropy,https://arxiv.org/abs/2302.13490,https://sci-hub.se/https://arxiv.org/abs/2302.13490,Fisica
Flux-area operator and black hole entropy,https://e-archivo.uc3m.es/handle/10016/24551,https://sci-hub.se/https://e-archivo.uc3m.es/handle/10016/24551,Fisica
Black hole entropy and gravity cutoff,https://arxiv.org/abs/0806.3976,https://sci-hub.se/https://arxiv.org/abs/0806.3976,Fisica
Universality of quantum entropy for extreme black holes,https://www.sciencedirect.com/science/article/pii/S0550321398000947,https://sci-hub.se/https://www.sciencedirect.com/science/article/pii/S0550321398000947,Fisica
"Conserved charges, surface degrees of freedom, and black hole entropy",https://arxiv.org/abs/1603.02442,https://sci-hub.se/https://arxiv.org/abs/1603.02442,Fisica
Conical singularity and quantum corrections to the entropy of a black hole,https://journals.aps.org/prd/abstract/10.1103/PhysRevD.51.609,https://sci-hub.se/https://journals.aps.org/prd/abstract/10.1103/PhysRevD.51.609,Fisica
Two dimensional black hole entropy,https://link.springer.com/article/10.1140/epjc/s10052-007-0435-z,https://sci-hub.se/https://link.springer.com/article/10.1140/epjc/s10052-007-0435-z,Fisica
Black hole in three-dimensional spacetime,https://journals.aps.org/prl/abstract/10.1103/PhysRevLett.69.1849,https://sci-hub.se/https://journals.aps.org/prl/abstract/10.1103/PhysRevLett.69.1849,Fisica
Dynamical black hole entropy in effective field theory,https://link.springer.com/article/10.1007/JHEP05(2023)006,https://sci-hub.se/https://link.springer.com/article/10.1007/JHEP05(2023)006,Fisica
Braneless black holes,https://www.sciencedirect.com/science/article/pii/S0370269396015444,https://sci-hub.se/https://www.sciencedirect.com/science/article/pii/S0370269396015444,Fisica
Nonextensive black hole entropy and quantum gravity effects at the last stages of evaporation,https://journals.aps.org/prd/abstract/10.1103/PhysRevD.103.026021,https://sci-hub.se/https://journals.aps.org/prd/abstract/10.1103/PhysRevD.103.026021,Fisica
[HTML] Barrow black hole corrected-entropy model and Tsallis nonextensivity,https://www.sciencedirect.com/science/article/pii/S0370269320306080,https://sci-hub.se/https://www.sciencedirect.com/science/article/pii/S0370269320306080,Fisica
"Near-horizon Bondi-Metzner-Sachs symmetry, dimensional reduction, and black hole entropy",https://journals.aps.org/prd/abstract/10.1103/PhysRevD.101.046002,https://sci-hub.se/https://journals.aps.org/prd/abstract/10.1103/PhysRevD.101.046002,Fisica
Correspondence principle for black holes and strings,https://journals.aps.org/prd/abstract/10.1103/PhysRevD.55.6189,https://sci-hub.se/https://journals.aps.org/prd/abstract/10.1103/PhysRevD.55.6189,Fisica
Threefold way to black hole entropy,https://journals.aps.org/prd/abstract/10.1103/PhysRevD.107.066013,https://sci-hub.se/https://journals.aps.org/prd/abstract/10.1103/PhysRevD.107.066013,Fisica
The wave function of a black hole and the dynamical origin of entropy,https://journals.aps.org/prd/abstract/10.1103/PhysRevD.51.1741,https://sci-hub.se/https://journals.aps.org/prd/abstract/10.1103/PhysRevD.51.1741,Fisica
Black hole entropy divergence and the uncertainty principle,https://journals.aps.org/prd/abstract/10.1103/PhysRevD.83.124014,https://sci-hub.se/https://journals.aps.org/prd/abstract/10.1103/PhysRevD.83.124014,Fisica
Electromagnetic fields in Schwarzschild and Reissner-Nordström geometry: Quantum corrections to the black hole entropy,https://journals.aps.org/prd/abstract/10.1103/PhysRevD.57.1108,https://sci-hub.se/https://journals.aps.org/prd/abstract/10.1103/PhysRevD.57.1108,Fisica
Renormalized black hole entropy in anti–de Sitter space via the “brick wall” method,https://journals.aps.org/prd/abstract/10.1103/PhysRevD.63.084013,https://sci-hub.se/https://journals.aps.org/prd/abstract/10.1103/PhysRevD.63.084013,Fisica
Finite black hole entropy and string theory,https://journals.aps.org/prd/abstract/10.1103/PhysRevD.50.5225,https://sci-hub.se/https://journals.aps.org/prd/abstract/10.1103/PhysRevD.50.5225,Fisica
Topologically twisted index in the 't Hooft limit and the dual black hole entropy,https://journals.aps.org/prd/abstract/10.1103/PhysRevD.100.126019,https://sci-hub.se/https://journals.aps.org/prd/abstract/10.1103/PhysRevD.100.126019,Fisica
Conceptual analysis of black hole entropy in string theory,https://www.sciencedirect.com/science/article/pii/S1355219819300553,https://sci-hub.se/https://www.sciencedirect.com/science/article/pii/S1355219819300553,Fisica
Can one understand black hole entropy without knowing much about quantum gravity?,https://arxiv.org/abs/gr-qc/0404038,https://sci-hub.se/https://arxiv.org/abs/gr-qc/0404038,Fisica
Relation between black hole entropy and quantum field spin,https://journals.aps.org/prd/abstract/10.1103/PhysRevD.65.084043,https://sci-hub.se/https://journals.aps.org/prd/abstract/10.1103/PhysRevD.65.084043,Fisica
Logarithmic corrections to black hole entropy: the non-BPS branch,https://link.springer.com/article/10.1007/JHEP05(2018)079,https://sci-hub.se/https://link.springer.com/article/10.1007/JHEP05(2018)079,Fisica
BCFT entanglement entropy at large central charge and the black hole interior,https://link.springer.com/article/10.1007/JHEP03(2021)167,https://sci-hub.se/https://link.springer.com/article/10.1007/JHEP03(2021)167,Fisica
Supersymmetric localization for BPS black hole entropy: 1-loop partition function from vector multiplets,https://link.springer.com/article/10.1007/JHEP11(2015)197,https://sci-hub.se/https://link.springer.com/article/10.1007/JHEP11(2015)197,Fisica
Spectroscopy of the quantum black hole,https://www.sciencedirect.com/science/article/pii/037026939501148J,https://sci-hub.se/https://www.sciencedirect.com/science/article/pii/037026939501148J,Fisica
Toward black hole entropy in chiral loop quantum supergravity,https://journals.aps.org/prd/abstract/10.1103/PhysRevD.106.026001,https://sci-hub.se/https://journals.aps.org/prd/abstract/10.1103/PhysRevD.106.026001,Fisica
Extremal Kerr black hole entropy in Poincaré gauge theory,https://journals.aps.org/prd/abstract/10.1103/PhysRevD.107.044054,https://sci-hub.se/https://journals.aps.org/prd/abstract/10.1103/PhysRevD.107.044054,Fisica
The Weyl curvature conjecture and black hole entropy,https://iopscience.iop.org/article/10.1088/0031-8949/77/05/055901/meta,https://sci-hub.se/https://iopscience.iop.org/article/10.1088/0031-8949/77/05/055901/meta,Fisica
Noncommutativity and logarithmic correction to the black hole entropy,https://link.springer.com/article/10.1007/JHEP02(2023)060,https://sci-hub.se/https://link.springer.com/article/10.1007/JHEP02(2023)060,Fisica
Statistical Entropy of Nonextremal Four-Dimensional Black Holes and Duality,https://journals.aps.org/prl/abstract/10.1103/PhysRevLett.77.430,https://sci-hub.se/https://journals.aps.org/prl/abstract/10.1103/PhysRevLett.77.430,Fisica
Geometric flows and black hole entropy,https://iopscience.iop.org/article/10.1088/0264-9381/24/11/F01/meta,https://sci-hub.se/https://iopscience.iop.org/article/10.1088/0264-9381/24/11/F01/meta,Fisica
AdS 2/CFT 1 correspondence and near-extremal black hole entropy,https://www.sciencedirect.com/science/article/pii/S0550321300001656,https://sci-hub.se/https://www.sciencedirect.com/science/article/pii/S0550321300001656,Fisica
[PDF] Black hole entropy,https://arxiv.org/pdf/hep-th/9603184,https://sci-hub.se/https://arxiv.org/pdf/hep-th/9603184,Fisica
Near-horizon conformal symmetry and black hole entropy in any dimension,https://journals.aps.org/prd/abstract/10.1103/PhysRevD.70.024005,https://sci-hub.se/https://journals.aps.org/prd/abstract/10.1103/PhysRevD.70.024005,Fisica
Entanglement entropy of the black hole horizon,https://journals.aps.org/prd/abstract/10.1103/PhysRevD.61.104016,https://sci-hub.se/https://journals.aps.org/prd/abstract/10.1103/PhysRevD.61.104016,Fisica
How fast does information leak out from a black hole?,https://journals.aps.org/prl/abstract/10.1103/PhysRevLett.70.3680,https://sci-hub.se/https://journals.aps.org/prl/abstract/10.1103/PhysRevLett.70.3680,Fisica
Black hole entropy from loop quantum gravity in higher dimensions,https://www.sciencedirect.com/science/article/pii/S0370269313007740,https://sci-hub.se/https://www.sciencedirect.com/science/article/pii/S0370269313007740,Fisica
Black hole entropy from spin one punctures,https://journals.aps.org/prd/abstract/10.1103/PhysRevD.68.024001,https://sci-hub.se/https://journals.aps.org/prd/abstract/10.1103/PhysRevD.68.024001,Fisica
Statistical entropy of a stationary dilaton black hole from the Cardy formula,https://journals.aps.org/prd/abstract/10.1103/PhysRevD.63.024003,https://sci-hub.se/https://journals.aps.org/prd/abstract/10.1103/PhysRevD.63.024003,Fisica
[HTML] Effects of noncommutativity on the black hole entropy,https://www.hindawi.com/journals/ahep/2014/139172/,https://sci-hub.se/https://www.hindawi.com/journals/ahep/2014/139172/,Fisica
[HTML] Quantum-corrected two-dimensional Horava-Lifshitz black hole entropy,https://www.hindawi.com/journals/ahep/2016/8465759/,https://sci-hub.se/https://www.hindawi.com/journals/ahep/2016/8465759/,Fisica
Supertranslations and superrotations at the black hole horizon,https://journals.aps.org/prl/abstract/10.1103/PhysRevLett.116.091101,https://sci-hub.se/https://journals.aps.org/prl/abstract/10.1103/PhysRevLett.116.091101,Fisica
Logarithmic correction to black hole entropy in universal low-energy string theory models,https://link.springer.com/article/10.1007/JHEP03(2023)028,https://sci-hub.se/https://link.springer.com/article/10.1007/JHEP03(2023)028,Fisica
Entropy and area,https://journals.aps.org/prl/abstract/10.1103/PhysRevLett.71.666,https://sci-hub.se/https://journals.aps.org/prl/abstract/10.1103/PhysRevLett.71.666,Fisica
[PDF] Black-hole thermodynamics,"https://www.sindark.com/genre/space/PT,33,24(1980).pdf","https://sci-hub.se/https://www.sindark.com/genre/space/PT,33,24(1980).pdf",Fisica
[HTML] Generalization of the KKW analysis for black hole radiation,https://www.sciencedirect.com/science/article/pii/S0370269303003022,https://sci-hub.se/https://www.sciencedirect.com/science/article/pii/S0370269303003022,Fisica
Reissner-Nordstrom black hole entropy inside and outside the brick wall,https://iopscience.iop.org/article/10.1088/0256-307X/20/3/337/meta,https://sci-hub.se/https://iopscience.iop.org/article/10.1088/0256-307X/20/3/337/meta,Fisica
Four-dimensional black hole entropy from F-theory,https://link.springer.com/article/10.1007/JHEP01(2019)037,https://sci-hub.se/https://link.springer.com/article/10.1007/JHEP01(2019)037,Fisica
The entropy of bulk quantum fields and the entanglement wedge of an evaporating black hole,https://link.springer.com/article/10.1007/JHEP12(2019)063,https://sci-hub.se/https://link.springer.com/article/10.1007/JHEP12(2019)063,Fisica
"Black hole entropy, log correction and inverse area correction",https://www.sciencedirect.com/science/article/pii/S0370269309003943,https://sci-hub.se/https://www.sciencedirect.com/science/article/pii/S0370269309003943,Fisica
Microscopic origin of the Bekenstein-Hawking entropy of supersymmetric AdS5 black holes,https://link.springer.com/article/10.1007/JHEP10(2019)062,https://sci-hub.se/https://link.springer.com/article/10.1007/JHEP10(2019)062,Fisica
Logarithmic corrections to and black hole entropy: a one loop test of quantum gravity,https://link.springer.com/article/10.1007/JHEP11(2011)143,https://sci-hub.se/https://link.springer.com/article/10.1007/JHEP11(2011)143,Fisica
Entropy of nonextreme charged rotating black holes in string theory,https://journals.aps.org/prd/abstract/10.1103/PhysRevD.54.2612,https://sci-hub.se/https://journals.aps.org/prd/abstract/10.1103/PhysRevD.54.2612,Fisica
Two aspects of black hole entropy in Lanczos-Lovelock models of gravity,https://journals.aps.org/prd/abstract/10.1103/PhysRevD.85.064031,https://sci-hub.se/https://journals.aps.org/prd/abstract/10.1103/PhysRevD.85.064031,Fisica
"[HTML] Reply to Pessoa, P.; Arderucio Costa, B. Comment on “Tsallis, C. Black Hole Entropy: A Closer Look. Entropy 2020, 22, 17”",https://www.mdpi.com/1099-4300/23/5/630/htm,https://sci-hub.se/https://www.mdpi.com/1099-4300/23/5/630/htm,Fisica
"Non-minimal coupling, boundary terms and renormalization of the Einstein-Hilbert action and black hole entropy",https://www.sciencedirect.com/science/article/pii/0550321396004385,https://sci-hub.se/https://www.sciencedirect.com/science/article/pii/0550321396004385,Fisica
An extremization principle for the entropy of rotating BPS black holes in AdS5,https://link.springer.com/article/10.1007/JHEP07(2017)106,https://sci-hub.se/https://link.springer.com/article/10.1007/JHEP07(2017)106,Fisica
Quantum gravitational corrections to the entropy of a Schwarzschild black hole,https://journals.aps.org/prd/abstract/10.1103/PhysRevD.104.066012,https://sci-hub.se/https://journals.aps.org/prd/abstract/10.1103/PhysRevD.104.066012,Fisica
Novel logarithmic corrections to black hole entropy,https://iopscience.iop.org/article/10.1088/1361-6382/ac95ef/meta,https://sci-hub.se/https://iopscience.iop.org/article/10.1088/1361-6382/ac95ef/meta,Fisica
Entropy in the interior of a black hole and thermodynamics,https://journals.aps.org/prd/abstract/10.1103/PhysRevD.92.081501,https://sci-hub.se/https://journals.aps.org/prd/abstract/10.1103/PhysRevD.92.081501,Fisica
"Comment on"" Entropy Evaporated by a Black Hole""",https://journals.aps.org/prl/abstract/10.1103/PhysRevLett.50.1013,https://sci-hub.se/https://journals.aps.org/prl/abstract/10.1103/PhysRevLett.50.1013,Fisica
Entropy of iterated function systems and their relations with black holes and Bohr-like black holes entropies,https://www.mdpi.com/253518,https://sci-hub.se/https://www.mdpi.com/253518,Fisica
Logarithmic corrections to black hole entropy from Kerr/CFT,https://link.springer.com/article/10.1007/JHEP04(2017)090,https://sci-hub.se/https://link.springer.com/article/10.1007/JHEP04(2017)090,Fisica
Geometry of black hole thermodynamics,https://link.springer.com/article/10.1023/A:1026058111582,https://sci-hub.se/https://link.springer.com/article/10.1023/A:1026058111582,Fisica
Gravitational Chern-Simons Lagrangians and black hole entropy,https://link.springer.com/article/10.1007/JHEP07(2011)085,https://sci-hub.se/https://link.springer.com/article/10.1007/JHEP07(2011)085,Fisica
Holographic actions from black hole entropy,https://arxiv.org/abs/1001.4364,https://sci-hub.se/https://arxiv.org/abs/1001.4364,Fisica
Black hole entropy and the zeroth law of thermodynamics,https://www.worldscientific.com/doi/abs/10.1142/S0218271815420158,https://sci-hub.se/https://www.worldscientific.com/doi/abs/10.1142/S0218271815420158,Fisica
Macroscopic entropy formulae and non-holomorphic corrections for supersymmetric black holes,https://www.sciencedirect.com/science/article/pii/S055032139900560X,https://sci-hub.se/https://www.sciencedirect.com/science/article/pii/S055032139900560X,Fisica
"[HTML] Noether current, black hole entropy and spacetime torsion",https://www.sciencedirect.com/science/article/pii/S0370269318307962,https://sci-hub.se/https://www.sciencedirect.com/science/article/pii/S0370269318307962,Fisica
Statistical entropy of BTZ black hole in higher curvature gravity,https://www.sciencedirect.com/science/article/pii/S0370269399014057,https://sci-hub.se/https://www.sciencedirect.com/science/article/pii/S0370269399014057,Fisica
Black holes and thermodynamics,https://journals.aps.org/prd/abstract/10.1103/PhysRevD.13.191,https://sci-hub.se/https://journals.aps.org/prd/abstract/10.1103/PhysRevD.13.191,Fisica
On geometric entropy,https://www.sciencedirect.com/science/article/pii/0370269394910073,https://sci-hub.se/https://www.sciencedirect.com/science/article/pii/0370269394910073,Fisica
[PDF] Correction to the higher dimensional black hole entropy,https://bibliotekanauki.pl/articles/1812029.pdf,https://sci-hub.se/https://bibliotekanauki.pl/articles/1812029.pdf,Fisica
[HTML] The thermodynamics of black holes,https://link.springer.com/article/10.12942/lrr-2001-6,https://sci-hub.se/https://link.springer.com/article/10.12942/lrr-2001-6,Fisica
Black hole entropy: quantum vs thermal fluctuations,https://arxiv.org/abs/gr-qc/0303030,https://sci-hub.se/https://arxiv.org/abs/gr-qc/0303030,Fisica
Entropy function and attractors for AdS black holes,https://iopscience.iop.org/article/10.1088/1126-6708/2006/10/074/meta,https://sci-hub.se/https://iopscience.iop.org/article/10.1088/1126-6708/2006/10/074/meta,Fisica
Subleading contributions to the black hole entropy in the brick wall approach,https://journals.aps.org/prd/abstract/10.1103/PhysRevD.78.024003,https://sci-hub.se/https://journals.aps.org/prd/abstract/10.1103/PhysRevD.78.024003,Fisica
Geometric aspects of Extremal Kerr black hole entropy,https://arxiv.org/abs/1511.00594,https://sci-hub.se/https://arxiv.org/abs/1511.00594,Fisica
Universal corrections to non-extremal black hole entropy in N ≥ 2 supergravity,https://link.springer.com/article/10.1007/JHEP06(2015)200,https://sci-hub.se/https://link.springer.com/article/10.1007/JHEP06(2015)200,Fisica
How to interpret black hole entropy?,https://arxiv.org/abs/gr-qc/9812075,https://sci-hub.se/https://arxiv.org/abs/gr-qc/9812075,Fisica
Magic three-qubit Veldkamp line: A finite geometric underpinning for form theories of gravity and black hole entropy,https://journals.aps.org/prd/abstract/10.1103/PhysRevD.96.026018,https://sci-hub.se/https://journals.aps.org/prd/abstract/10.1103/PhysRevD.96.026018,Fisica
Black holes and information theory,https://www.tandfonline.com/doi/abs/10.1080/00107510310001632523,https://sci-hub.se/https://www.tandfonline.com/doi/abs/10.1080/00107510310001632523,Fisica
Black hole entropy reveals a twelfth dimension,https://journals.aps.org/prd/abstract/10.1103/PhysRevD.55.3633,https://sci-hub.se/https://journals.aps.org/prd/abstract/10.1103/PhysRevD.55.3633,Fisica
Energy and entropy conservation for dynamical black holes,https://journals.aps.org/prd/abstract/10.1103/PhysRevD.70.104027,https://sci-hub.se/https://journals.aps.org/prd/abstract/10.1103/PhysRevD.70.104027,Fisica
Entropy of 4D extremal black holes,https://www.sciencedirect.com/science/article/pii/0370269396003838,https://sci-hub.se/https://www.sciencedirect.com/science/article/pii/0370269396003838,Fisica
Relative entropy of random states and black holes,https://journals.aps.org/prl/abstract/10.1103/PhysRevLett.126.171603,https://sci-hub.se/https://journals.aps.org/prl/abstract/10.1103/PhysRevLett.126.171603,Fisica
A note on black hole entropy in loop quantum gravity,https://iopscience.iop.org/article/10.1088/0264-9381/32/15/155009/meta,https://sci-hub.se/https://iopscience.iop.org/article/10.1088/0264-9381/32/15/155009/meta,Fisica
CFT and black hole entropy in induced gravity,https://iopscience.iop.org/article/10.1088/1126-6708/2003/03/038/meta,https://sci-hub.se/https://iopscience.iop.org/article/10.1088/1126-6708/2003/03/038/meta,Fisica
Quantum black hole entropy and Newton constant renormalization,https://journals.aps.org/prd/abstract/10.1103/PhysRevD.52.4527,https://sci-hub.se/https://journals.aps.org/prd/abstract/10.1103/PhysRevD.52.4527,Fisica
Dilatonic black hole entropy without brick walls,https://link.springer.com/article/10.1023/B:GERG.0000038626.11857.3f,https://sci-hub.se/https://link.springer.com/article/10.1023/B:GERG.0000038626.11857.3f,Fisica
A note on entropy relations of black hole horizons,https://www.worldscientific.com/doi/abs/10.1142/S0217751X14500882,https://sci-hub.se/https://www.worldscientific.com/doi/abs/10.1142/S0217751X14500882,Fisica
Heat kernel expansion and extremal Kerr-Newmann black hole entropy in Einstein-Maxwell theory,https://link.springer.com/article/10.1007/JHEP08(2012)084,https://sci-hub.se/https://link.springer.com/article/10.1007/JHEP08(2012)084,Fisica
Do black holes destroy information,https://www.worldscientific.com/doi/pdf/10.1142/9789814536752#page=37,https://sci-hub.se/https://www.worldscientific.com/doi/pdf/10.1142/9789814536752#page=37,Fisica
Soft hairy warped black hole entropy,https://link.springer.com/article/10.1007/JHEP02(2018)010,https://sci-hub.se/https://link.springer.com/article/10.1007/JHEP02(2018)010,Fisica
On the computation of black hole entropy in loop quantum gravity,https://iopscience.iop.org/article/10.1088/0264-9381/26/3/035017/meta,https://sci-hub.se/https://iopscience.iop.org/article/10.1088/0264-9381/26/3/035017/meta,Fisica
[HTML] Rényi entropy and the thermodynamic stability of black holes,https://www.sciencedirect.com/science/article/pii/S037026931500917X,https://sci-hub.se/https://www.sciencedirect.com/science/article/pii/S037026931500917X,Fisica
Entropy bounds and the second law for black holes,https://journals.aps.org/prd/abstract/10.1103/PhysRevD.27.2262,https://sci-hub.se/https://journals.aps.org/prd/abstract/10.1103/PhysRevD.27.2262,Fisica
"[PDF] Multi-Fold Black Holes: Entropy, Evolution and Quantum Extrema",https://www.researchgate.net/profile/Stephane-Maes-2/publication/351800741_Multi-Fold_Black_Holes_Entropy_Evolution_and_Quantum_Extrema/links/60ab06c7a6fdcc6d626d2115/Multi-Fold-Black-Holes-Entropy-Evolution-and-Quantum-Extrema.pdf,https://sci-hub.se/https://www.researchgate.net/profile/Stephane-Maes-2/publication/351800741_Multi-Fold_Black_Holes_Entropy_Evolution_and_Quantum_Extrema/links/60ab06c7a6fdcc6d626d2115/Multi-Fold-Black-Holes-Entropy-Evolution-and-Quantum-Extrema.pdf,Fisica
Statistical entropy of four-dimensional extremal black holes,https://journals.aps.org/prl/abstract/10.1103/PhysRevLett.77.428,https://sci-hub.se/https://journals.aps.org/prl/abstract/10.1103/PhysRevLett.77.428,Fisica
The origin of black hole entropy,https://arxiv.org/abs/gr-qc/9812079,https://sci-hub.se/https://arxiv.org/abs/gr-qc/9812079,Fisica
Black hole entropy from classical Liouville theory,https://iopscience.iop.org/article/10.1088/1126-6708/2003/02/014/meta,https://sci-hub.se/https://iopscience.iop.org/article/10.1088/1126-6708/2003/02/014/meta,Fisica
CMB and 21-cm bounds on early structure formation boosted by primordial black hole entropy fluctuations,https://journals.aps.org/prd/abstract/10.1103/PhysRevD.104.063522,https://sci-hub.se/https://journals.aps.org/prd/abstract/10.1103/PhysRevD.104.063522,Fisica
Microscopic entropy of the three-dimensional rotating black hole of Bergshoeff-Hohm-Townsend massive gravity,https://journals.aps.org/prd/abstract/10.1103/PhysRevD.80.124046,https://sci-hub.se/https://journals.aps.org/prd/abstract/10.1103/PhysRevD.80.124046,Fisica
[HTML] Quantum tunneling and black hole spectroscopy,https://www.sciencedirect.com/science/article/pii/S0370269310002650,https://sci-hub.se/https://www.sciencedirect.com/science/article/pii/S0370269310002650,Fisica
[HTML] Logarithmic corrections to entropy of magnetically charged AdS4 black holes,https://www.sciencedirect.com/science/article/pii/S0370269317307244,https://sci-hub.se/https://www.sciencedirect.com/science/article/pii/S0370269317307244,Fisica
Noncommutative spectral invariants and black hole entropy,https://link.springer.com/article/10.1007/s00220-005-1322-9,https://sci-hub.se/https://link.springer.com/article/10.1007/s00220-005-1322-9,Fisica
Black hole deconstruction,https://link.springer.com/article/10.1007/JHEP03(2012)071,https://sci-hub.se/https://link.springer.com/article/10.1007/JHEP03(2012)071,Fisica
Torons and black hole entropy,https://www.sciencedirect.com/science/article/pii/S055032139800193X,https://sci-hub.se/https://www.sciencedirect.com/science/article/pii/S055032139800193X,Fisica
Plenty of nothing: Black hole entropy in induced gravity,https://link.springer.com/article/10.1007/BF02702347,https://sci-hub.se/https://link.springer.com/article/10.1007/BF02702347,Fisica
Higher spin black holes,https://link.springer.com/article/10.1007/JHEP05(2011)022,https://sci-hub.se/https://link.springer.com/article/10.1007/JHEP05(2011)022,Fisica
[HTML] Thermal features of Barrow corrected-entropy black hole formulation,https://link.springer.com/article/10.1140/epjc/s10052-020-8366-z,https://sci-hub.se/https://link.springer.com/article/10.1140/epjc/s10052-020-8366-z,Fisica
Embeddings of the Virasoro algebra and black hole entropy,https://journals.aps.org/prl/abstract/10.1103/PhysRevLett.82.2030,https://sci-hub.se/https://journals.aps.org/prl/abstract/10.1103/PhysRevLett.82.2030,Fisica
Constructing black hole entropy from gravitational collapse,https://journals.aps.org/prd/abstract/10.1103/PhysRevD.91.064017,https://sci-hub.se/https://journals.aps.org/prd/abstract/10.1103/PhysRevD.91.064017,Fisica
Phase space and black-hole entropy of higher genus horizons in loop quantum gravity,https://iopscience.iop.org/article/10.1088/0264-9381/25/6/065008/meta,https://sci-hub.se/https://iopscience.iop.org/article/10.1088/0264-9381/25/6/065008/meta,Fisica
Holographic entanglement entropy and the extended phase structure of STU black holes,https://link.springer.com/article/10.1007/JHEP09(2015)184,https://sci-hub.se/https://link.springer.com/article/10.1007/JHEP09(2015)184,Fisica
Why the Entropy of a Black Hole is,https://journals.aps.org/prl/abstract/10.1103/PhysRevLett.74.3319,https://sci-hub.se/https://journals.aps.org/prl/abstract/10.1103/PhysRevLett.74.3319,Fisica
Action and entropy of black holes in spacetimes with a cosmological constant,https://iopscience.iop.org/article/10.1088/0264-9381/15/9/023/meta,https://sci-hub.se/https://iopscience.iop.org/article/10.1088/0264-9381/15/9/023/meta,Fisica
Black hole entropy and attractors,https://iopscience.iop.org/article/10.1088/0264-9381/23/21/S04/meta,https://sci-hub.se/https://iopscience.iop.org/article/10.1088/0264-9381/23/21/S04/meta,Fisica
Black hole polarization and new entropy bounds,https://journals.aps.org/prd/abstract/10.1103/PhysRevD.61.024022,https://sci-hub.se/https://journals.aps.org/prd/abstract/10.1103/PhysRevD.61.024022,Fisica
[HTML] Corrected entropy of BTZ black hole in tunneling approach,https://www.sciencedirect.com/science/article/pii/S0370269308014275,https://sci-hub.se/https://www.sciencedirect.com/science/article/pii/S0370269308014275,Fisica
Noether charge and black hole entropy in teleparallel gravity,https://journals.aps.org/prd/abstract/10.1103/PhysRevD.100.124040,https://sci-hub.se/https://journals.aps.org/prd/abstract/10.1103/PhysRevD.100.124040,Fisica
[HTML] Further evidence for the conformal structure of a Schwarzschild black hole in an algebraic approach,https://www.sciencedirect.com/science/article/pii/S0370269301015015,https://sci-hub.se/https://www.sciencedirect.com/science/article/pii/S0370269301015015,Fisica
Black hole entropy in the Chern-Simons formulation of -dimensional gravity,https://journals.aps.org/prd/abstract/10.1103/PhysRevD.55.6162,https://sci-hub.se/https://journals.aps.org/prd/abstract/10.1103/PhysRevD.55.6162,Fisica
[HTML] Extended quantum portrait of MGD black holes and information entropy,https://www.sciencedirect.com/science/article/pii/S0370269319301649,https://sci-hub.se/https://www.sciencedirect.com/science/article/pii/S0370269319301649,Fisica
Noncommutative black hole thermodynamics,https://journals.aps.org/prd/abstract/10.1103/PhysRevD.77.124035,https://sci-hub.se/https://journals.aps.org/prd/abstract/10.1103/PhysRevD.77.124035,Fisica
Statistical mechanics of gravitons in a box and the black hole entropy,https://www.sciencedirect.com/science/article/pii/S0378437117300511,https://sci-hub.se/https://www.sciencedirect.com/science/article/pii/S0378437117300511,Fisica
Quantum black hole entropy and the holomorphic prepotential of supergravity,https://link.springer.com/article/10.1007/JHEP10(2013)099,https://sci-hub.se/https://link.springer.com/article/10.1007/JHEP10(2013)099,Fisica
Corrections to entropy and thermodynamics of charged black hole using generalized uncertainty principle,https://www.worldscientific.com/doi/abs/10.1142/S0217751X1550030X,https://sci-hub.se/https://www.worldscientific.com/doi/abs/10.1142/S0217751X1550030X,Fisica
[HTML] Comparison of approaches to quantum correction of black hole thermodynamics,https://www.sciencedirect.com/science/article/pii/S0370269306002310,https://sci-hub.se/https://www.sciencedirect.com/science/article/pii/S0370269306002310,Fisica
Equivalence principle and HBAR entropy of an atom falling into a quantum corrected black hole,https://journals.aps.org/prd/abstract/10.1103/PhysRevD.105.085007,https://sci-hub.se/https://journals.aps.org/prd/abstract/10.1103/PhysRevD.105.085007,Fisica
Entropy of near-extremal black holes in AdS5,https://iopscience.iop.org/article/10.1088/1126-6708/2008/05/067/meta,https://sci-hub.se/https://iopscience.iop.org/article/10.1088/1126-6708/2008/05/067/meta,Fisica
Logarithmic corrections to black hole entropy and holography,https://arxiv.org/abs/2207.02820,https://sci-hub.se/https://arxiv.org/abs/2207.02820,Fisica
A note on the entropy of rotating BPS AdS7× S4 black holes,https://link.springer.com/article/10.1007/JHEP05(2018)121,https://sci-hub.se/https://link.springer.com/article/10.1007/JHEP05(2018)121,Fisica
Black hole entropy for two higher derivative theories of gravity,https://www.mdpi.com/19898,https://sci-hub.se/https://www.mdpi.com/19898,Fisica
Black hole spectroscopy via adiabatic invariance,https://www.sciencedirect.com/science/article/pii/S0370269311006460,https://sci-hub.se/https://www.sciencedirect.com/science/article/pii/S0370269311006460,Fisica
Aspects of black hole quantum mechanics and thermodynamics in 2+ 1 dimensions,https://journals.aps.org/prd/abstract/10.1103/PhysRevD.51.622,https://sci-hub.se/https://journals.aps.org/prd/abstract/10.1103/PhysRevD.51.622,Fisica
[HTML] Entropy of Reissner-Nordström-like black holes,https://www.sciencedirect.com/science/article/pii/S0370269321007553,https://sci-hub.se/https://www.sciencedirect.com/science/article/pii/S0370269321007553,Fisica
Entropy of 2D black holes from counting microstates,https://journals.aps.org/prd/abstract/10.1103/PhysRevD.59.081501,https://sci-hub.se/https://journals.aps.org/prd/abstract/10.1103/PhysRevD.59.081501,Fisica
Black hole thermodynamics and information loss in two dimensions,https://journals.aps.org/prd/abstract/10.1103/PhysRevD.50.3987,https://sci-hub.se/https://journals.aps.org/prd/abstract/10.1103/PhysRevD.50.3987,Fisica
Remarks on renormalization of black hole entropy,https://www.worldscientific.com/doi/abs/10.1142/S0217751X97002802,https://sci-hub.se/https://www.worldscientific.com/doi/abs/10.1142/S0217751X97002802,Fisica
What is the entropy of the universe?,https://iopscience.iop.org/article/10.1088/0264-9381/26/14/145005/meta,https://sci-hub.se/https://iopscience.iop.org/article/10.1088/0264-9381/26/14/145005/meta,Fisica
"Lifshitz scaling, microstate counting from number theory and black hole entropy",https://link.springer.com/article/10.1007/JHEP06(2019)054,https://sci-hub.se/https://link.springer.com/article/10.1007/JHEP06(2019)054,Fisica
Entropy of three-dimensional black holes in string theory,https://www.sciencedirect.com/science/article/pii/S0370269398002366,https://sci-hub.se/https://www.sciencedirect.com/science/article/pii/S0370269398002366,Fisica
Scrambling in the black hole portrait,https://journals.aps.org/prd/abstract/10.1103/PhysRevD.88.124041,https://sci-hub.se/https://journals.aps.org/prd/abstract/10.1103/PhysRevD.88.124041,Fisica
A q-parameter bound for particle spectra based on black hole thermodynamics with Rényi entropy,https://www.sciencedirect.com/science/article/pii/S0370269313007612,https://sci-hub.se/https://www.sciencedirect.com/science/article/pii/S0370269313007612,Fisica
Conical geometry and quantum entropy of a charged Kerr black hole,https://journals.aps.org/prd/abstract/10.1103/PhysRevD.54.3932,https://sci-hub.se/https://journals.aps.org/prd/abstract/10.1103/PhysRevD.54.3932,Fisica
Black hole entropy from nonproper gauge degrees of freedom: The charged vacuum capacitor,https://journals.aps.org/prd/abstract/10.1103/PhysRevD.99.026007,https://sci-hub.se/https://journals.aps.org/prd/abstract/10.1103/PhysRevD.99.026007,Fisica
Entropy in the Kerr-Newman black hole,https://iopscience.iop.org/article/10.1088/0264-9381/14/9/016/meta,https://sci-hub.se/https://iopscience.iop.org/article/10.1088/0264-9381/14/9/016/meta,Fisica
[HTML] Canonical entropy of three-dimensional BTZ black hole,https://www.sciencedirect.com/science/article/pii/S0370269306011300,https://sci-hub.se/https://www.sciencedirect.com/science/article/pii/S0370269306011300,Fisica
D-brane approach to black hole quantum mechanics,https://www.sciencedirect.com/science/article/pii/0550321396002258,https://sci-hub.se/https://www.sciencedirect.com/science/article/pii/0550321396002258,Fisica
Entropy of a quantum field in rotating black holes,https://journals.aps.org/prd/abstract/10.1103/PhysRevD.54.3904,https://sci-hub.se/https://journals.aps.org/prd/abstract/10.1103/PhysRevD.54.3904,Fisica
Black hole entropy from the boundary conformal structure in 3D gravity with torsion,https://iopscience.iop.org/article/10.1088/1126-6708/2006/10/005/meta,https://sci-hub.se/https://iopscience.iop.org/article/10.1088/1126-6708/2006/10/005/meta,Fisica
Microscopic and macroscopic entropy of extremal black holes in string theory,https://link.springer.com/article/10.1007/s10714-014-1711-5,https://sci-hub.se/https://link.springer.com/article/10.1007/s10714-014-1711-5,Fisica
Black hole entanglement entropy and the renormalization group,https://journals.aps.org/prd/abstract/10.1103/PhysRevD.87.084047,https://sci-hub.se/https://journals.aps.org/prd/abstract/10.1103/PhysRevD.87.084047,Fisica
Semiclassical corrections to the Bekenstein–Hawking entropy of the BTZ black hole via self-gravitation,https://www.sciencedirect.com/science/article/pii/S0370269302016957,https://sci-hub.se/https://www.sciencedirect.com/science/article/pii/S0370269302016957,Fisica
[PDF] Black hole entropy and quantum mechanics,https://arxiv.org/pdf/1810.11492,https://sci-hub.se/https://arxiv.org/pdf/1810.11492,Fisica
Extended symmetries at the black hole horizon,https://link.springer.com/article/10.1007/JHEP09(2016)100,https://sci-hub.se/https://link.springer.com/article/10.1007/JHEP09(2016)100,Fisica
Regular black holes: Entropy products and central charges,https://journals.aps.org/prd/abstract/10.1103/PhysRevD.106.066007,https://sci-hub.se/https://journals.aps.org/prd/abstract/10.1103/PhysRevD.106.066007,Fisica
Macroscopic and microscopic entropy of near-extremal spinning black holes,https://www.sciencedirect.com/science/article/pii/0370269396005539,https://sci-hub.se/https://www.sciencedirect.com/science/article/pii/0370269396005539,Fisica
Entropy and black hole horizons,https://www.sciencedirect.com/science/article/pii/037026939501020Q,https://sci-hub.se/https://www.sciencedirect.com/science/article/pii/037026939501020Q,Fisica
The entropy of black holes: A primer,https://books.google.es/books?hl=es&lr=&id=cRqwJaLeyLsC&oi=fnd&pg=PA227&dq=black+hole+entropy&ots=7g3dfKWedf&sig=UrzfVT-EdmqRE2h20QnmVaPP4RA,https://sci-hub.se/https://books.google.es/books?hl=es&lr=&id=cRqwJaLeyLsC&oi=fnd&pg=PA227&dq=black+hole+entropy&ots=7g3dfKWedf&sig=UrzfVT-EdmqRE2h20QnmVaPP4RA,Fisica
Entropy production and entropic attractors in black hole fusion and fission,https://link.springer.com/article/10.1007/JHEP08(2020)098,https://sci-hub.se/https://link.springer.com/article/10.1007/JHEP08(2020)098,Fisica
"Causal sets, a possible interpretation for the black hole entropy, and related topics",https://arxiv.org/abs/gr-qc/0106024,https://sci-hub.se/https://arxiv.org/abs/gr-qc/0106024,Fisica
Entropy bounds on effective field theory from rotating dyonic black holes,https://journals.aps.org/prd/abstract/10.1103/PhysRevD.100.046003,https://sci-hub.se/https://journals.aps.org/prd/abstract/10.1103/PhysRevD.100.046003,Fisica
Entropy and temperature of black holes in a gravity's rainbow,https://journals.aps.org/prd/abstract/10.1103/PhysRevD.74.044035,https://sci-hub.se/https://journals.aps.org/prd/abstract/10.1103/PhysRevD.74.044035,Fisica
Black hole thermodynamics under the microscope,https://journals.aps.org/prd/abstract/10.1103/PhysRevD.89.084002,https://sci-hub.se/https://journals.aps.org/prd/abstract/10.1103/PhysRevD.89.084002,Fisica
Black hole thermodynamics and negative entropy in de Sitter and anti-de Sitter Einstein–Gauss–Bonnet gravity,https://www.sciencedirect.com/science/article/pii/S0550321302000755,https://sci-hub.se/https://www.sciencedirect.com/science/article/pii/S0550321302000755,Fisica
Black hole entropy: Classical and quantum aspects,https://arxiv.org/abs/hep-th/0110198,https://sci-hub.se/https://arxiv.org/abs/hep-th/0110198,Fisica
Black hole versus cosmological horizon entropy,https://iopscience.iop.org/article/10.1088/0264-9381/20/13/322/meta,https://sci-hub.se/https://iopscience.iop.org/article/10.1088/0264-9381/20/13/322/meta,Fisica
Exact solutions for supersymmetric stationary black hole composites,https://link.springer.com/article/10.1007/JHEP11(2011)127,https://sci-hub.se/https://link.springer.com/article/10.1007/JHEP11(2011)127,Fisica
Black hole entropy and physics at Planckian scales,https://link.springer.com/chapter/10.1007/978-94-009-0237-4_8,https://sci-hub.se/https://link.springer.com/chapter/10.1007/978-94-009-0237-4_8,Fisica
Quantum gravity of Kerr-Schild spacetimes and the logarithmic correction to Schwarzschild black hole entropy,https://link.springer.com/article/10.1007/JHEP05(2016)035,https://sci-hub.se/https://link.springer.com/article/10.1007/JHEP05(2016)035,Fisica
An equal area law for holographic entanglement entropy of the AdS-RN black hole,https://link.springer.com/article/10.1007/JHEP12(2015)139,https://sci-hub.se/https://link.springer.com/article/10.1007/JHEP12(2015)139,Fisica
[PS] On the entropy of the vacuum outside a horizon,https://www2.perimeterinstitute.ca/personal/rsorkin/some.papers/31.padova.entropy.ps,https://sci-hub.se/https://www2.perimeterinstitute.ca/personal/rsorkin/some.papers/31.padova.entropy.ps,Fisica
Entanglement entropy of ABJM theory and entropy of topological black hole,https://link.springer.com/article/10.1007/JHEP07(2017)096,https://sci-hub.se/https://link.springer.com/article/10.1007/JHEP07(2017)096,Fisica
Horizon areas and logarithmic correction to the charged accelerating black hole entropy,https://www.mdpi.com/409776,https://sci-hub.se/https://www.mdpi.com/409776,Fisica
Remarks on Noether charges and black holes entropy,https://www.sciencedirect.com/science/article/pii/S0003491699959158,https://sci-hub.se/https://www.sciencedirect.com/science/article/pii/S0003491699959158,Fisica
Quintessence contribution to a Schwarzschild black hole entropy,https://iopscience.iop.org/article/10.1088/0256-307X/24/11/072/meta,https://sci-hub.se/https://iopscience.iop.org/article/10.1088/0256-307X/24/11/072/meta,Fisica
Precision entropy of spinning black holes,https://iopscience.iop.org/article/10.1088/1126-6708/2007/09/003/meta,https://sci-hub.se/https://iopscience.iop.org/article/10.1088/1126-6708/2007/09/003/meta,Fisica
Comment on``The black hole final state'',https://iopscience.iop.org/article/10.1088/1126-6708/2004/03/026/meta,https://sci-hub.se/https://iopscience.iop.org/article/10.1088/1126-6708/2004/03/026/meta,Fisica
"Logarithmic corrections to extremal black hole entropy in N = 2 , 4 and 8 supergravity",https://link.springer.com/article/10.1007/JHEP11(2014)072,https://sci-hub.se/https://link.springer.com/article/10.1007/JHEP11(2014)072,Fisica
Black hole area in Brans-Dicke theory,https://journals.aps.org/prd/abstract/10.1103/PhysRevD.54.7483,https://sci-hub.se/https://journals.aps.org/prd/abstract/10.1103/PhysRevD.54.7483,Fisica
"Horizons, constraints, and black hole entropy",https://link.springer.com/article/10.1007/s10773-007-9340-3,https://sci-hub.se/https://link.springer.com/article/10.1007/s10773-007-9340-3,Fisica
Why is the black hole entropy (almost) linear in the horizon area?,https://journals.aps.org/prd/abstract/10.1103/PhysRevD.63.064005,https://sci-hub.se/https://journals.aps.org/prd/abstract/10.1103/PhysRevD.63.064005,Fisica
Scalar field contribution to rotating black hole entropy,https://journals.aps.org/prd/abstract/10.1103/PhysRevD.73.064004,https://sci-hub.se/https://journals.aps.org/prd/abstract/10.1103/PhysRevD.73.064004,Fisica
Three-dimensional black hole entropy,https://iopscience.iop.org/article/10.1088/1126-6708/2003/06/029/meta,https://sci-hub.se/https://iopscience.iop.org/article/10.1088/1126-6708/2003/06/029/meta,Fisica
Einstein and coefficients for a black hole,https://journals.aps.org/prd/abstract/10.1103/PhysRevD.15.2775,https://sci-hub.se/https://journals.aps.org/prd/abstract/10.1103/PhysRevD.15.2775,Fisica
Black hole entropy and quantum gravity,https://arxiv.org/abs/gr-qc/9807045,https://sci-hub.se/https://arxiv.org/abs/gr-qc/9807045,Fisica
Entropy of quasiblack holes,https://journals.aps.org/prd/abstract/10.1103/PhysRevD.81.064012,https://sci-hub.se/https://journals.aps.org/prd/abstract/10.1103/PhysRevD.81.064012,Fisica
